	0	1
0	    70181.07	      571.60
1	    79545.25	      527.97
2	     5796.05	    20486.48
3	     8239.55	    10069.80
4	    86888.04	     7211.27
5	    60645.48	     5092.15
6	     6318.99	    23734.37
7	    15491.76	    12375.79
8	    60137.17	     4395.16
9	     1612.05	    23093.72
10	    49582.35	     7640.32
11	     2525.96	     6924.59
12	    66002.88	      645.41
13	        0.00	    36299.81
14	     9225.14	     2460.77
15	        0.00	    33858.79
16	    28590.30	     4355.68
17	    37613.60	    12466.46
18	      185.31	    18157.75
19	     2605.91	    27145.31
20	    25718.96	     7464.06
21	     1864.28	     6925.12
22	   159956.94	      397.36
23	    26836.07	     6598.94
24	    11517.74	    16041.68
25	     1284.71	    10056.67
26	        0.00	    34527.02
27	    19367.93	     5042.36
28	    11709.90	     2015.79
29	   215812.13	      729.14
30	    13231.64	    16904.81
31	    41562.98	     7633.49
32	    60813.73	     1415.18
33	        0.00	    25131.86
34	        0.00	    22840.82
35	    13584.04	    17777.65
36	    24692.59	     1484.65
37	        0.08	    44295.63
38	        0.00	    27286.79
39	      326.59	    18735.20
40	    51732.01	     6940.83
41	    11709.24	     9322.62
42	    17261.45	    14865.22
43	    14510.27	    19450.02
44	    49259.41	     6296.80
45	    84815.97	     6896.75
46	    80090.54	     4725.70
47	    18083.82	    17280.93
48	    44275.74	     8443.97
49	   170256.24	      604.62
50	    76819.86	     8851.67
51	        1.59	    26688.69
52	    16434.08	    14756.79
53	      422.19	    31986.25
54	      156.32	    24825.14
55	    69664.20	     5503.37
56	     4699.58	    15565.53
57	     4826.73	    10787.55
58	     6578.52	     1632.03
59	    51668.68	     1955.95
60	        0.00	    29916.66
61	      390.12	    24354.24
62	        0.00	    22040.12
63	    49037.33	     8093.78
64	    92223.47	     7586.76
65	    10077.40	    19247.37
66	    15432.21	     8208.87
67	   131881.50	       31.67
68	      104.06	    30457.05
69	     6480.25	    14139.56
70	        0.00	    33374.41
71	     8392.53	    19309.19
72	    86872.21	     1211.52
73	        0.00	    39043.90
74	    19771.43	    17324.43
75	    10677.32	    15466.59
76	    14158.15	    16577.86
77	   103177.68	     2888.90
78	     1702.83	    15142.86
79	    15056.65	     3719.82
80	      785.15	    23005.95
81	   104253.82	     4507.39
82	    18798.84	    12788.59
83	    15253.92	    21204.00
84	    48372.56	     1575.98
85	    28810.35	     9631.56
86	        0.00	    40098.10
87	       87.92	    43728.84
88	    74507.43	     1350.34
89	        0.00	    41433.98
90	     3794.55	    10966.05
91	    26939.55	    13189.07
92	     3019.68	    25141.12
93	    85131.21	     1312.78
94	    93691.91	     4924.23
95	        0.00	    38984.35
96	      256.26	    33338.78
97	      101.44	    42875.47
98	      845.39	    14275.91
99	    10556.65	    18999.67
100	    91883.51	     5905.35
101	    54590.80	     3192.23
102	    17805.57	     1205.42
103	    12342.38	     7476.52
104	       36.85	    27795.57
105	    60760.15	     5229.82
106	   106638.45	     3378.24
107	     4145.66	    29443.11
108	    44555.35	     2394.01
109	    61884.99	     9356.14
110	    28416.74	     2431.06
111	       26.18	    12133.65
112	    28551.12	    13954.97
113	    47378.11	     3636.15
114	   120020.24	     1512.86
115	    63384.50	     8905.51
116	    53077.62	     6135.27
117	    83394.44	     6488.16
118	     8056.52	     7821.13
119	    11574.32	    11010.41
120	    80292.24	      266.91
121	        0.00	    31202.94
122	      137.24	    12209.11
123	    15318.26	    14412.29
124	       37.65	    23103.34
125	    84338.68	     7020.78
126	    14043.11	    21307.96
127	     8592.79	    12174.88
128	    17955.07	    15112.84
129	      756.45	    28574.95
130	   101640.15	        2.49
131	    44567.74	     5827.42
132	    48040.06	     3232.51
133	        5.12	    39804.99
134	    14250.15	    18306.63
135	    60165.52	     5079.17
136	       88.33	    20021.84
137	     2869.61	    15894.09
138	   166404.34	      367.91
139	    73609.74	     7761.33
140	    32561.58	     9440.11
141	    17124.65	    16872.59
142	    48562.71	     5095.48
143	    59327.61	      843.96
144	    28442.84	     7935.04
145	        0.53	    29093.78
146	    53518.30	    11024.54
147	    45840.67	    21223.91
148	    47994.97	     8109.62
149	      254.17	    16148.30
150	     4030.95	    11533.87
151	    46739.40	     4918.42
152	     5750.91	    20696.43
153	    18156.60	    12940.32
154	    91071.50	      872.23
155	    16954.86	    12610.77
156	    42364.80	     7666.35
157	       43.90	    22573.66
158	        0.00	    41502.16
159	    54321.72	     8564.28
160	     9486.96	    13908.84
161	    26425.94	     9547.63
162	    16029.37	    17823.04
163	    36682.27	     9546.33
164	       70.73	    42859.34
165	     4729.71	    14758.73
166	    34071.79	     8518.08
167	        0.10	    22027.17
168	    58334.45	     7757.93
169	    18164.58	     6138.70
170	    74864.17	     4929.84
171	        2.93	    27398.53
172	    35284.34	     4997.15
173	      166.89	    23566.33
174	    69345.09	     1471.08
175	    38971.09	    13821.95
176	    49026.90	    10882.07
177	        0.00	    33369.14
178	        0.00	    32856.59
179	       92.60	    20717.93
180	    12439.64	    17924.97
181	      730.49	    22413.63
182	    40858.43	     7320.79
183	    16997.74	     1287.75
184	    52004.32	     2827.72
185	    26775.62	     5157.37
186	       78.06	    20086.99
187	    23675.88	     4773.36
188	    61287.23	     4616.30
189	    37806.78	     6532.69
190	    38362.13	     9531.80
191	     9361.40	    10641.30
192	    64549.65	     8511.85
193	    47626.58	     8916.68
194	     7818.67	     5273.16
195	    56592.12	     7110.11
196	   112778.97	     5694.08
197	    11164.04	     6453.64
198	        0.04	    31787.55
199	   157399.00	      844.26
200	    24390.39	    17228.56
201	       86.69	    20465.03
202	    14590.41	    17627.50
203	        1.56	    17781.71
204	    16891.70	    12983.08
205	    12602.57	    10105.35
206	     3089.89	    27077.98
207	        0.00	    44147.86
208	        1.55	    33751.62
209	    35943.60	     9575.81
210	    72120.54	     4432.32
211	      373.18	    42867.70
212	    10523.80	     9883.85
213	    51822.82	     6919.17
214	     3756.31	     9450.05
215	    63659.68	     1840.64
216	    11957.65	    19293.95
217	    11069.95	    15938.62
218	        1.88	    27313.14
219	    30826.81	     3600.60
220	    41668.25	     9439.14
221	    33812.43	     8206.18
222	    41452.68	     8515.12
223	    16940.88	    11753.26
224	    11394.15	    16697.02
225	    36309.28	    10133.11
226	    34127.69	     7730.45
227	    57739.49	     4808.85
228	     9731.10	    18169.33
229	    12466.25	    16175.89
230	    61967.07	     9487.31
231	        0.00	    39964.24
232	        5.59	    49235.46
233	      132.46	    21021.75
234	        0.01	    26665.01
235	    67011.54	     7835.14
236	      174.80	    23177.77
237	    17563.35	    16471.78
238	     8671.08	    11773.82
239	    31756.77	    11431.21
240	    24436.88	     7466.62
241	    37502.50	    10287.56
242	    40513.11	     6450.39
243	        0.00	    33985.79
244	    52335.96	     3015.91
245	    14071.42	     8445.14
246	    44147.15	     5680.95
247	    18579.07	     9641.88
248	        0.00	    54007.54
249	    27088.38	    15889.62
250	    60412.87	     8325.82
251	    35541.04	     9673.97
252	    50757.62	     6878.91
253	    13280.76	     7259.89
254	      182.00	    39751.85
255	     8230.45	    20552.28
256	   143758.55	     1830.42
257	    39911.23	     6447.60
258	    43843.40	     9452.20
259	    30553.64	     7378.20
260	    68122.68	     5083.32
261	   115636.64	     3474.56
262	    48014.02	     2641.21
263	    91801.42	     6740.55
264	     1322.25	    16687.68
265	    47011.75	     6575.06
266	    32925.32	    10578.03
267	    22121.23	    12393.65
268	   120716.66	     4344.61
269	        0.00	    30106.05
270	    47158.25	     6852.01
271	    22742.03	    14731.59
272	        0.00	    38926.75
273	    98186.93	     3217.71
274	    14024.06	    15974.80
275	    44531.08	     8954.05
276	        0.00	    43376.64
277	    69051.56	     2149.21
278	    60569.69	      576.86
279	    58610.90	     6010.54
280	      577.19	    13917.81
281	    10396.73	     8739.70
282	     1437.95	    15721.74
283	        0.00	    28203.14
284	    76214.87	     1456.03
285	    45299.45	     9133.67
286	   165882.05	      696.08
287	        1.63	    25379.90
288	    67283.32	     5400.58
289	    64122.26	     4277.96
290	    75004.67	     1069.84
291	        0.00	    46003.62
292	    66228.47	     4324.81
293	     6428.83	    12474.92
294	    52422.11	     2562.82
295	     6210.73	    18430.67
296	        0.00	    18643.02
297	      370.26	    13094.06
298	    50360.02	     4930.96
299	        0.00	    37173.33
300	    53852.03	    11818.55
301	    27439.68	    11664.01
302	    11354.17	     5322.05
303	    42688.98	    11061.13
304	    33732.78	    12573.56
305	    55068.75	     7745.54
306	     3493.29	    29274.54
307	   160117.03	      260.65
308	        0.00	    44650.26
309	    78587.61	     7083.32
310	    59899.87	     1980.22
311	    10508.42	     6590.82
312	    13994.07	    20582.79
313	   125673.45	      294.66
314	    57040.72	     7356.39
315	    51847.47	     8724.26
316	    24165.24	    14823.64
317	      167.03	    17139.61
318	     9239.20	    10714.74
319	     4407.06	    16338.56
320	    92931.23	      281.45
321	    56666.53	     7057.57
322	    62619.09	     1633.51
323	    83682.32	      256.99
324	        0.02	    30258.16
325	    29488.27	     4398.66
326	    24780.77	    12312.10
327	        0.00	    37101.78
328	    28166.63	     9220.41
329	    74125.55	     7573.82
330	      190.58	    18804.25
331	        0.00	    32942.43
332	     3630.57	     8805.37
333	    26367.83	    14263.71
334	        0.00	    48324.45
335	        0.00	    47429.84
336	    20189.69	    17132.49
337	    16465.17	     7460.44
338	    37455.54	    13005.48
339	      313.22	    20134.23
340	    84885.00	     6102.73
341	    54144.77	     4353.89
342	        0.00	    36786.78
343	        0.00	    25616.13
344	    78781.54	     1317.80
345	    70061.54	     3854.38
346	     8029.02	    25814.55
347	    43132.58	     7679.10
348	    28596.48	    15565.43
349	    33836.37	     6502.77
350	     6242.22	     8296.95
351	     4775.95	     8391.43
352	        0.00	    37800.11
353	     1399.97	    30891.13
354	     1190.31	    14245.62
355	      656.98	    14681.72
356	        0.37	    22911.13
357	    23141.46	    14823.62
358	    66644.37	     4281.62
359	    85733.70	     2868.13
360	        0.00	    38833.08
361	    57525.74	     1433.50
362	    88700.27	     5654.33
363	     7334.93	    25152.43
364	     2362.71	    24271.82
365	        0.00	    32879.83
366	     8293.14	     3327.99
367	    55461.08	     7989.60
368	        1.03	    26155.45
369	       96.64	    42891.38
370	    42641.58	     8165.88
371	       47.60	    35793.29
372	      121.79	    29960.88
373	   191781.53	     1624.17
374	     1052.89	    19262.77
375	    50391.34	     6362.52
376	        0.00	    38849.19
377	     2572.58	    16850.08
378	    20871.58	    16821.03
379	    42785.15	     6194.83
380	        0.64	    31534.41
381	     2996.70	    24950.73
382	    95476.13	     2618.28
383	    36287.41	     3634.18
384	        0.00	    44727.85
385	    90826.88	     4643.99
386	    69065.82	      207.07
387	        5.17	    34819.44
388	    42701.07	     5010.75
389	      374.58	    39185.31
390	     3668.79	     7564.10
391	    20900.56	     6069.76
392	     3906.55	     7830.68
393	     2264.10	    26596.47
394	    72287.01	     6739.34
395	    28392.57	    15343.30
396	        0.00	    37640.49
397	        0.00	    33437.84
398	     3926.62	     9466.36
399	    59548.66	     6655.87
400	     4402.42	    11117.26
401	     8479.37	     7553.08
402	   123132.47	      405.56
403	    40216.11	     7288.21
404	    32668.97	     6704.01
405	        0.00	    44172.63
406	    52050.08	     9862.94
407	    27715.56	      281.62
408	       98.10	    29511.52
409	    41133.43	     7862.51
410	     6867.98	    15108.59
411	    24418.71	    12438.94
412	    62434.01	     8476.37
413	        0.00	    39792.70
414	        0.00	    18069.94
415	   103707.96	      448.12
416	      769.49	    30122.32
417	    50847.53	    12416.20
418	     1756.51	     8502.78
419	      109.67	    21845.84
420	    13336.07	    19847.20
421	     5225.93	     4444.98
422	      857.63	    34118.13
423	      159.17	    27883.77
424	    36882.45	     7755.47
425	    23577.80	      416.46
426	    59427.27	     4939.23
427	        0.00	    35786.92
428	    52521.87	     4884.55
429	    26515.38	    11589.83
430	   166250.09	      936.08
431	    32240.10	     9427.50
432	    65514.40	     4758.07
433	      806.21	    10214.53
434	    45004.14	     7582.71
435	     2464.43	    16315.15
436	    78455.96	     1293.44
437	    14009.36	    16395.99
438	     4957.45	    10538.43
439	     8328.77	    23005.04
440	    33462.20	    13938.87
441	    77358.42	      630.46
442	    11816.89	    15272.81
443	    37738.34	     9447.99
444	    98882.38	     3683.26
445	    28711.11	     4209.51
446	    34314.29	    13444.40
447	      104.81	    12629.27
448	    72279.09	     4435.41
449	    69518.57	     3736.43
450	    22727.93	     5040.77
451	    21890.62	    12798.32
452	    85797.33	     4857.70
453	    66202.12	     8576.22
454	    59626.59	     6236.62
455	        0.00	    29038.27
456	    23857.83	    10577.01
457	    50512.68	     7979.60
458	    52312.04	     2422.45
459	    59638.56	     6242.07
460	    58945.59	     4675.74
461	    34523.17	     8790.82
462	       21.09	    32621.35
463	    55833.38	     4866.03
464	        0.00	    41339.16
465	    62668.74	     2216.59
466	   117306.57	      260.96
467	    56063.88	     6376.55
468	        0.00	    39416.82
469	    34998.04	     9728.57
470	    44792.62	     3016.72
471	   129831.33	     4253.88
472	   170046.13	      873.77
473	        0.00	    36454.30
474	     2939.21	     9931.65
475	     9221.77	    21783.32
476	    59015.35	     6395.11
477	    10101.54	    18160.85
478	    20368.91	     5606.68
479	    20270.19	      935.65
480	     6676.09	    23113.07
481	     6342.04	    18775.64
482	    65792.01	     6166.46
483	        1.49	    21358.02
484	     3998.94	    25859.27
485	    41116.19	     6761.33
486	    64073.60	     8666.67
487	     8233.39	     9118.60
488	    31868.66	     4097.15
489	    34987.45	     9698.03
490	   159321.27	     3366.52
491	    22532.77	    13379.82
492	    96500.92	      434.75
493	    33572.39	     2538.19
494	        0.00	    31072.49
495	     7527.30	     5708.08
496	     6049.60	     6897.03
497	     1793.43	     8746.17
498	      837.39	    26692.32
499	        0.00	    49142.58
500	    32281.13	     7716.94
501	     2821.72	     7711.49
502	     3443.68	    22809.61
503	     1091.58	    41188.71
504	     5279.92	    32163.42
505	    29050.86	    14091.37
506	   127569.30	      266.95
507	        0.99	    38471.76
508	        0.00	    27945.60
509	    16788.48	    14306.94
510	     4622.86	     6632.61
511	    74370.93	     5800.55
512	    38553.78	      817.62
513	    25937.71	     9485.14
514	   100444.35	     5943.36
515	    12516.84	     4127.52
516	    12867.99	    19893.97
517	   166761.39	     1116.53
518	     8938.68	     8345.96
519	       33.51	    33319.47
520	    43075.61	     2074.48
521	     3406.34	    12165.42
522	    78327.15	     5210.63
523	    13088.25	    18967.20
524	     8859.12	     1914.54
525	     7198.14	    21032.27
526	    48871.85	    10153.63
527	    31927.87	    12440.21
528	    26128.63	     3011.92
529	    24415.54	    13252.81
530	    55790.29	     4095.21
531	     2304.88	    27289.53
532	       31.31	    16660.58
533	    14000.32	    18285.38
534	    71043.93	     4903.48
535	      150.06	    13881.58
536	       68.64	    35260.95
537	        0.00	    38464.67
538	    33036.53	    10239.84
539	       33.30	    48263.37
540	        0.00	    39098.57
541	    48329.27	     1667.89
542	    91044.78	     6286.64
543	    82855.77	     1639.65
544	    33234.48	     4259.05
545	      349.74	    30903.73
546	     5239.66	    23073.72
547	       38.41	    30916.55
548	    43068.44	    11306.16
549	    45504.23	     8002.53
550	     1281.61	    26200.50
551	       85.02	    17217.15
552	     1786.46	    27941.24
553	    97603.98	     5842.98
554	        0.00	    35986.05
555	    33925.43	    12231.40
556	    61638.52	     5821.47
557	    51426.83	     9374.22
558	     5853.23	    16328.89
559	        0.00	    42308.46
560	    16569.91	     1755.03
561	    36401.26	     8890.50
562	   247446.55	      143.58
563	        0.00	    48584.32
564	    34607.90	     8390.12
565	    63244.48	     2389.40
566	    15894.79	    18843.18
567	    86349.99	     1418.68
568	    12836.77	    16868.87
569	    56417.74	     6241.32
570	    30247.57	     7210.94
571	   116708.30	     5219.01
572	    11329.30	    22032.16
573	    10709.83	    21959.49
574	     3449.39	    32806.20
575	    22751.84	     1693.61
576	     1231.32	     9114.79
577	    13257.48	    20020.82
578	      526.53	    39000.60
579	    36843.93	    11689.11
580	    77977.14	     2453.08
581	    38775.13	     9971.52
582	     7154.06	    21164.79
583	    13241.04	     7830.50
584	     6932.99	    18915.09
585	    50067.73	     8369.56
586	     7288.36	    19769.37
587	    79207.94	     6650.67
588	     9900.58	    22080.32
589	       32.52	    17101.07
590	    79652.88	     4942.72
591	    19595.52	    12047.83
592	    54409.36	     5297.81
593	      767.94	     8456.83
594	    82017.49	      491.95
595	        0.00	    49873.68
596	   102336.62	      327.94
597	    33868.91	     7928.84
598	    33173.86	    12080.45
599	    25167.93	     1912.74
600	    10634.27	    22479.13
601	    14442.53	    16063.26
602	        0.00	    23639.03
603	     1679.61	    13110.35
604	    57723.92	     7964.21
605	   109194.15	     4139.86
606	        0.00	    21645.53
607	    20597.26	    12105.84
608	    45142.27	     5475.41
609	     5706.94	    23663.76
610	     8815.87	     4750.11
611	    10543.96	    18736.59
612	    40084.75	    11483.60
613	    69020.55	     6334.07
614	    57050.90	     4885.78
615	    50324.91	     1058.38
616	    36421.30	     7586.53
617	     8078.61	     3531.34
618	    38906.80	    10550.80
619	     5546.90	     9090.44
620	    28599.57	    15905.12
621	    27393.90	    13229.04
622	        5.30	    28779.22
623	    53441.84	     8407.83
624	     2321.67	     5616.52
625	    55942.00	     7778.17
626	    11542.22	    12154.03
627	   142141.69	     2118.80
628	    30895.90	     5687.13
629	    56533.12	     5610.39
630	      939.82	     8895.93
631	    17818.00	     8139.04
632	    46198.50	     4326.32
633	        0.23	    25367.58
634	        0.00	    36158.94
635	        0.00	    27930.37
636	    34032.52	      689.81
637	     3778.44	    26964.88
638	     2443.70	     9154.08
639	    16890.73	     8201.66
640	    41311.71	    12091.45
641	    31716.69	     7995.67
642	    88045.15	     4156.23
643	     3879.47	    21357.15
644	        0.00	    45965.07
645	    51534.30	     6162.61
646	    72963.96	     7510.97
647	        3.51	    30744.20
648	      479.97	    20082.17
649	    23640.69	    14095.95
650	    44097.49	     1452.55
651	    52543.52	     6707.15
652	        0.00	    21176.86
653	        0.00	    52590.90
654	    42177.58	     9050.03
655	     6051.87	    12774.57
656	   107417.15	       39.98
657	    21270.06	    15604.33
658	    85911.65	     5946.37
659	     1075.64	    25597.89
660	    31283.60	     9301.30
661	    26395.48	     4068.28
662	     9736.55	    20185.53
663	    65943.36	      542.95
664	   160580.51	     1001.86
665	    33532.53	     3269.23
666	    17313.00	     2209.35
667	    86889.15	     5518.14
668	      651.74	    13111.27
669	    26226.67	     7554.57
670	    76607.11	     6829.27
671	    58079.56	     4758.00
672	   150712.23	     2229.15
673	   175589.96	     1753.29
674	    66342.19	     5403.33
675	    35512.03	    11021.75
676	    61287.56	     6312.68
677	      281.71	     9631.90
678	    18819.00	    14114.87
679	    87876.45	     4526.00
680	    51917.22	    10259.07
681	    91209.21	     5168.30
682	       12.58	    45466.38
683	       38.97	    33670.72
684	   117531.74	     2582.65
685	    51804.27	     2123.88
686	        2.86	    37776.12
687	      261.58	    34407.90
688	    38218.73	     7796.30
689	    32503.43	    15832.47
690	    34754.91	     5649.57
691	   134168.13	     1344.83
692	    19958.46	     1309.07
693	    34362.32	    11857.41
694	    57940.26	      324.13
695	      668.96	    13668.03
696	    20419.40	     7585.84
697	    14005.49	    12684.33
698	    25450.97	    15633.63
699	    50538.49	     9285.27
700	     5451.93	    14640.63
701	     5681.61	    13087.60
702	    63751.37	     3904.41
703	    53457.92	     7812.63
704	    35252.19	     3236.54
705	    26256.84	    10324.20
706	    51371.92	    10512.50
707	    38406.56	    12391.14
708	    61778.51	      658.61
709	    74964.14	     7010.92
710	     6778.37	    15257.04
711	   109117.20	      639.56
712	    55077.55	     6552.69
713	    90585.57	     1095.34
714	        0.00	    33788.89
715	     3843.56	    11118.87
716	    33574.84	     7218.31
717	    57984.30	     2999.95
718	    10604.21	     4411.12
719	     7355.30	    10002.40
720	    86198.79	     4077.85
721	    57698.74	     5937.14
722	    14827.02	    14071.72
723	      154.18	    34298.32
724	    55846.47	     5129.94
725	     6354.43	    22230.44
726	    18114.41	     3783.65
727	        0.00	    39911.98
728	    53687.65	     6254.88
729	       42.30	    36955.46
730	      209.90	    22046.76
731	    70226.65	     5217.79
732	    95725.61	     4403.32
733	     1986.20	    23069.23
734	     3208.51	    31464.63
735	    20489.71	    14714.05
736	    16405.64	    21601.94
737	     2998.60	    25056.58
738	    70467.10	     1942.18
739	    15719.33	    14118.40
740	    36009.92	     2346.73
741	       62.29	    15684.47
742	        0.00	    33584.69
743	    32815.29	    10587.10
744	     3521.08	     7485.32
745	   102398.57	     2576.00
746	        0.00	    51934.01
747	    81214.35	     4911.86
748	    92796.38	      439.20
749	    44289.51	     6444.71
750	      121.00	    11417.90
751	        0.00	    34113.66
752	    62604.06	     5144.60
753	    77632.84	     7687.39
754	        0.21	    24809.34
755	    25350.83	     1473.03
756	     3226.80	     9861.64
757	    21718.82	    13364.86
758	    85040.95	     6221.05
759	    31888.37	    10137.05
760	     6706.66	    19762.16
761	       29.61	    25057.04
762	        0.00	    46592.07
763	        5.90	    26473.53
764	   123829.75	     2918.33
765	    20946.46	    13916.51
766	        8.95	    16944.26
767	    86217.51	     3511.26
768	        0.00	    34510.92
769	    27048.84	    11257.02
770	     2345.75	    23602.97
771	    74820.90	     7704.33
772	    88622.11	     5368.50
773	    84087.91	     6433.76
774	        1.13	    25268.56
775	     9542.56	    23516.36
776	    21453.96	     6791.92
777	    26118.93	    15480.85
778	       58.04	    18196.83
779	    64786.28	     3206.23
780	   100088.71	      812.88
781	    86313.58	      710.31
782	    80289.59	     3074.10
783	    30971.54	    12621.99
784	     2869.37	    11223.09
785	     1124.79	    11538.67
786	    61820.61	     4333.12
787	    76730.30	     1716.42
788	    10159.42	     4570.70
789	    81539.48	     7121.98
790	    25847.08	    12334.20
791	    97980.65	     3127.84
792	    66692.82	     4749.09
793	    39924.05	     6032.89
794	        0.00	    51757.50
795	    49969.67	     1163.30
796	    99635.71	     5536.33
797	    29847.72	     1374.04
798	   126978.24	      543.93
799	    36970.44	     8247.40
800	      927.58	    14038.33
801	    16764.73	    14528.84
802	    29301.45	    12356.12
803	   111730.64	     3815.55
804	    90356.22	     4592.61
805	        0.00	    33020.54
806	   183455.07	      912.82
807	    52810.80	     9474.77
808	    15100.16	    17488.53
809	    55186.01	      158.22
810	    25029.89	    19330.57
811	    56154.67	     4079.88
812	    28731.16	    11341.18
813	   119399.61	     4426.77
814	    64130.67	     4481.25
815	   185439.24	     1298.44
816	      108.62	    52610.43
817	    15822.81	    15326.13
818	    65317.59	     5302.02
819	      381.99	    30043.01
820	    32839.01	     8720.19
821	    36175.77	     5775.62
822	        0.00	    39876.07
823	    13314.50	    17100.23
824	    71310.86	     2648.39
825	    52564.72	     5580.01
826	    10977.79	    15511.25
827	        0.00	    32695.16
828	    31020.82	     9759.31
829	    96046.12	     2716.93
830	    33572.00	     3263.87
831	    31242.09	     2977.60
832	    41254.19	     7905.28
833	    21997.34	     2413.25
834	   113361.42	       77.38
835	        0.00	    29123.61
836	    10225.66	     3040.64
837	   108734.55	     5658.89
838	        0.00	    36923.10
839	   104349.31	      411.53
840	    51319.57	     7004.70
841	    53524.90	     9177.91
842	   119365.38	      940.34
843	    42214.43	     6723.82
844	     9516.49	    18143.82
845	     6280.90	    14410.49
846	        1.62	    44853.23
847	    42829.92	     1040.53
848	     2849.65	     5929.92
849	    46384.74	     8404.66
850	      779.92	     6690.68
851	     6650.74	    23359.07
852	    63619.17	     5764.66
853	      225.12	    37563.44
854	     5828.98	    21890.99
855	    12789.48	    10372.40
856	    31435.14	     7263.04
857	      786.18	    40442.92
858	     8080.25	    17466.31
859	     3071.05	    27325.93
860	        0.00	    23770.29
861	     4517.34	    11277.73
862	   274327.18	       18.54
863	   106399.19	     5970.16
864	    35125.03	    10231.14
865	     1730.70	    11943.33
866	       87.60	    23060.02
867	    67979.56	     4279.63
868	    30738.62	    12134.20
869	    41919.66	     7659.14
870	     9282.66	     3945.93
871	        0.00	    35811.79
872	    17224.71	     4774.42
873	    35978.05	     8168.14
874	     4510.84	    16691.09
875	     9171.39	     9970.72
876	    72703.87	     3558.57
877	    35274.89	     8299.91
878	    21752.84	     3212.45
879	    52161.89	     4857.54
880	    15652.73	    17764.82
881	    36230.96	     6457.25
882	      891.22	    14507.62
883	    80578.61	     5335.45
884	      298.01	    11592.48
885	     5847.58	    20479.59
886	    66073.76	     6131.29
887	    11638.63	     9181.94
888	    30352.05	      911.24
889	    62647.83	     4260.80
890	        0.00	    43715.66
891	    63487.60	     5314.85
892	     7346.96	     2420.96
893	        1.01	    28230.25
894	     3570.91	    18218.29
895	    76340.81	       84.09
896	    13819.36	    14126.38
897	    53709.67	     6250.22
898	    78221.30	     3875.83
899	    34934.74	    11576.86
900	     3524.22	    20869.62
901	    20934.11	    13174.45
902	    29298.53	     3280.78
903	      304.11	    20141.28
904	    28553.64	     2570.19
905	    80953.22	     1357.23
906	        0.00	    28407.50
907	    21331.41	     6222.80
908	     4398.03	    12411.05
909	    17057.63	    14189.21
910	    14896.20	    17648.93
911	     6921.94	    24279.47
912	    11756.83	    17333.17
913	    47147.35	     7522.83
914	     9524.86	     8742.02
915	    85634.67	     5120.18
916	    66739.27	     4691.64
917	      796.65	    27080.55
918	    38289.97	     3135.04
919	    40822.07	      505.74
920	    37136.91	     8371.07
921	    24815.54	    12013.95
922	    63672.20	     4689.67
923	     8707.20	     5556.91
924	    48362.57	     9607.41
925	    60342.02	     5639.33
926	   105984.77	     3678.68
927	     2695.37	     7318.58
928	    40511.63	     9645.59
929	     1088.80	    13408.75
930	     5457.97	    19722.00
931	      680.87	    23806.44
932	    58122.51	     8415.07
933	    13113.00	    14942.70
934	        0.00	    30474.07
935	    46876.31	     4924.52
936	    15013.67	    16037.52
937	    99094.29	     3098.08
938	    41929.95	     7809.19
939	   102484.96	     5359.35
940	    10128.84	    10181.09
941	    34166.46	     2356.25
942	    41510.30	     5629.78
943	    23491.18	    12423.78
944	      462.50	    16963.27
945	    62457.20	     9424.40
946	     9301.78	    14912.58
947	    32414.47	     5704.67
948	    12815.10	    16488.58
949	    60730.76	     2420.89
950	      986.17	    28064.90
951	     5929.82	    17756.84
952	       16.83	    31344.40
953	        0.00	    36218.37
954	    36107.49	     7509.18
955	      219.15	    21097.86
956	     7318.84	     3223.38
957	    57882.27	     9068.81
958	   186107.78	      432.33
959	    10803.83	    11300.42
960	    70332.83	      946.35
961	    13668.20	    16569.79
962	    50397.53	     8285.76
963	    14501.52	    17739.41
964	    39038.76	     6260.36
965	    66195.35	     4639.09
966	    97105.00	     2544.96
967	       43.20	    23368.94
968	     7076.88	     5991.00
969	    17709.01	     3513.76
970	     1520.93	    29006.67
971	      618.31	    15221.18
972	     3064.49	    12790.31
973	        0.00	    28844.15
974	   102368.89	     2161.44
975	        9.96	    41256.92
976	    11264.03	     2820.46
977	    18446.59	    16000.89
978	      361.35	    17970.02
979	     6685.33	     7931.95
980	     5378.91	    11950.05
981	    10594.49	    19582.01
982	    12812.79	    15965.00
983	    21761.99	    13296.52
984	    11235.88	     2350.71
985	    48558.84	     3772.39
986	     1065.30	    22074.82
987	    39504.82	    10164.76
988	    50002.33	    10290.74
989	    68054.31	     3734.81
990	        0.00	    37236.26
991	        0.00	    45580.28
992	    51670.00	     9723.59
993	        0.00	    46883.98
994	    18534.91	    13245.03
995	        0.00	    29140.20
996	    12405.66	     3923.39
997	    17167.50	    14372.96
998	    14554.24	     8280.91
999	        0.00	    42349.25
1000	    60213.17	     1154.24
1001	    60312.90	     6672.09
1002	     9330.05	    21324.90
1003	    43270.52	     1937.22
1004	     8431.56	     4253.37
1005	    68781.93	     6979.87
1006	    88806.57	     4761.15
1007	     4074.69	    29005.38
1008	   107286.12	     2583.49
1009	    65493.92	     4202.73
1010	        0.33	    40560.21
1011	     2769.02	    11345.18
1012	      334.97	    14549.41
1013	    39388.45	     6571.64
1014	      428.61	    34004.02
1015	    63505.33	     4734.79
1016	     1465.85	     7365.17
1017	    41264.35	     1921.26
1018	    41207.40	     7602.72
1019	    96869.94	     2728.18
1020	    11826.61	     7254.74
1021	    47580.76	      913.37
1022	    37789.99	     8291.95
1023	    23463.47	     4469.75
1024	    53926.22	     5137.46
1025	    34220.28	     8547.79
1026	    37784.09	     6555.87
1027	    24928.58	     1941.04
1028	     6255.51	     8158.45
1029	   192452.06	     1303.41
1030	    12986.67	     2847.31
1031	     5823.60	    21336.64
1032	     3037.02	    11982.29
1033	    46594.49	     7552.97
1034	    18129.98	    16686.37
1035	    18949.22	    16468.36
1036	     5254.34	     5301.46
1037	    39082.34	     9311.53
1038	    49880.03	     4740.07
1039	    21815.53	    13369.08
1040	        0.00	    37400.51
1041	    46713.12	     7935.90
1042	    96582.68	     5463.28
1043	        1.30	    25828.66
1044	     4621.41	     4093.67
1045	    25974.00	    12567.99
1046	     4654.00	    22991.96
1047	     8505.55	     6744.99
1048	       19.78	    26174.23
1049	    36586.69	     8726.18
1050	    13315.79	    20958.21
1051	    34666.01	     8369.59
1052	     2789.58	    22585.78
1053	    51506.30	     6827.27
1054	    41643.88	     7584.06
1055	    25187.92	     7956.22
1056	        0.00	    43047.02
1057	    27122.70	     4626.00
1058	     4102.02	     6217.56
1059	    40223.49	     2935.62
1060	     4217.88	     7934.43
1061	    53088.75	     6719.53
1062	    23587.24	     3767.24
1063	    61212.16	     6267.60
1064	        0.00	    30803.02
1065	    52727.47	     2266.51
1066	    37915.97	     8743.97
1067	     1480.08	    38742.88
1068	    89239.25	     5272.84
1069	     9188.29	    12805.80
1070	        0.00	    34880.19
1071	    18276.61	    11996.04
1072	    82074.63	      413.59
1073	    75045.79	      113.96
1074	    57423.28	     8067.42
1075	    61903.41	     3982.98
1076	    75793.41	     3415.60
1077	    13835.82	     9936.56
1078	        0.00	    35432.04
1079	    20989.22	     5088.75
1080	    21470.05	    10585.52
1081	    36403.29	     2689.88
1082	        2.94	    36117.05
1083	    38245.47	     8674.76
1084	    24798.49	    10872.80
1085	    28622.12	     2017.33
1086	    23167.34	    15539.50
1087	    15580.16	    15786.85
1088	    33328.43	     7595.41
1089	    12107.12	    21649.74
1090	    56038.19	     5085.80
1091	       56.75	    20349.92
1092	        0.00	    34707.48
1093	    76819.90	     6575.54
1094	    25741.83	     2946.60
1095	    66462.65	       94.43
1096	     5852.87	    16694.03
1097	    79569.95	     7235.85
1098	   140246.22	     2597.98
1099	    46281.64	    11641.49
1100	    12826.71	    21719.00
1101	        0.42	    23580.57
1102	     2988.02	     6696.67
1103	    56384.31	      779.48
1104	    50323.48	     2646.55
1105	    45594.55	     8267.68
1106	   108615.04	     5469.42
1107	     1208.46	    16446.78
1108	    14231.35	    14460.50
1109	    23743.43	    12653.59
1110	     2211.66	    19580.03
1111	    14720.26	    15828.64
1112	        1.90	    28202.11
1113	        0.00	    38778.23
1114	        0.00	    13904.71
1115	    65659.23	     1722.49
1116	    17525.65	     7674.43
1117	    61823.91	     4403.34
1118	    36738.69	    12307.33
1119	   145746.42	     3898.94
1120	     7758.11	    11749.50
1121	        0.00	    40469.78
1122	    47943.39	     4836.41
1123	    67592.75	     4000.01
1124	   110169.81	     5792.79
1125	    36366.78	     7370.59
1126	   251266.72	     3041.33
1127	    24573.48	     4238.28
1128	    19387.96	    17987.47
1129	     9944.58	    19331.09
1130	    36123.93	    12578.98
1131	   121141.70	     3959.97
1132	      314.45	    47533.71
1133	    71358.19	     6795.15
1134	   113944.90	     5433.03
1135	    94022.48	      251.65
1136	    60518.72	     4089.54
1137	    26645.16	     8941.34
1138	    39254.97	     6856.54
1139	        0.00	    35304.89
1140	    31252.94	    11258.57
1141	    29946.26	     5804.02
1142	        0.00	    36180.53
1143	    44091.59	     3577.00
1144	      487.76	    36462.39
1145	     8549.88	    19627.36
1146	        5.89	    57492.53
1147	    13099.02	     6640.63
1148	     3706.19	    18675.02
1149	        2.19	    25881.38
1150	      264.35	    30077.99
1151	        0.05	    24995.05
1152	    22239.09	    14903.80
1153	      184.47	    27023.93
1154	    55228.81	      828.56
1155	     5014.41	     6267.14
1156	     1038.20	    28432.63
1157	    52279.46	     5860.14
1158	    21467.44	     5416.64
1159	       25.49	    34032.69
1160	      327.51	    18257.46
1161	    46780.97	     5745.74
1162	   125260.86	     4440.09
1163	    20153.47	    15845.94
1164	     2054.48	    32214.98
1165	        0.00	    41454.70
1166	   109767.45	     2113.37
1167	    47155.88	     3522.77
1168	    66347.52	     4989.27
1169	    12583.56	    14063.42
1170	    38381.52	     8298.75
1171	        0.00	    27865.58
1172	    73218.74	     7265.89
1173	    49192.98	     6281.84
1174	    96363.20	     4095.91
1175	     9579.67	    21054.73
1176	    53838.97	     5005.13
1177	    37521.39	     7423.53
1178	     6915.84	     6088.80
1179	      591.25	    28654.49
1180	      149.53	    10056.02
1181	       83.58	    50662.15
1182	    10444.92	    19499.35
1183	    14599.34	     2914.43
1184	    35788.98	     9842.14
1185	    62890.69	     5459.86
1186	    31216.28	    14148.65
1187	    14006.15	    17031.65
1188	     6329.33	    20452.67
1189	    79757.94	     4610.19
1190	    72628.47	     7147.54
1191	        0.00	    26296.96
1192	     5840.63	     8555.33
1193	    50636.46	     3174.77
1194	    34303.89	      450.04
1195	    58720.58	     7870.34
1196	    77417.79	     5104.38
1197	    36099.36	     8126.30
1198	    57458.78	     6766.83
1199	    33495.36	     2757.51
1200	    30967.62	     7872.69
1201	        0.00	    40839.26
1202	    11323.04	    18332.13
1203	    53223.07	     8314.85
1204	      217.86	     9704.74
1205	    15317.04	     9598.94
1206	    88863.00	     4334.28
1207	    21375.83	     3656.96
1208	        0.00	    31180.78
1209	        0.00	    33153.26
1210	     1433.45	    11444.72
1211	    46206.62	     5501.88
1212	        0.00	    32909.35
1213	    32337.67	    10237.17
1214	      955.20	     8313.55
1215	        0.00	    43696.13
1216	    29069.80	     3374.68
1217	        0.00	    26647.42
1218	        1.00	    11522.92
1219	    47165.33	     6337.26
1220	   144864.91	     2192.03
1221	        5.60	    36378.42
1222	    33527.44	     2274.56
1223	    12319.83	    12689.25
1224	    10140.71	     2638.20
1225	        0.00	    49355.51
1226	    39924.25	     8346.14
1227	    30538.24	    10254.28
1228	    33246.66	    10386.81
1229	      734.38	    13182.27
1230	    41820.17	    11185.32
1231	    12316.78	     3948.79
1232	    49015.80	     5940.14
1233	    55897.82	     5932.45
1234	    85996.83	     3594.15
1235	    38929.00	     1589.63
1236	    15744.40	    15533.61
1237	    21991.67	    13565.30
1238	   110854.67	     4057.34
1239	     4732.29	     9673.08
1240	     4365.43	    11998.92
1241	    11987.56	    15744.14
1242	     3437.66	    28080.16
1243	    24242.50	    11077.52
1244	    47799.75	     2548.49
1245	    35227.60	    10270.04
1246	    54674.86	     6942.05
1247	   145821.01	     1410.28
1248	      414.49	    24626.00
1249	    31906.79	    11212.11
1250	   152898.65	     1961.05
1251	    15014.24	    11481.11
1252	    49588.61	     6268.23
1253	    19859.06	    14955.54
1254	    59951.07	     5613.35
1255	    20397.62	    13994.66
1256	    16096.88	    15774.83
1257	    67332.12	     4583.26
1258	    87097.31	     5444.72
1259	    31012.04	     6606.88
1260	    87598.39	     7860.45
1261	    25992.93	     4130.05
1262	    92701.93	     1114.46
1263	    25403.60	     9785.08
1264	    77473.98	     3942.74
1265	    71932.27	     2142.81
1266	        6.25	    40929.88
1267	     4419.12	     7573.06
1268	    21024.17	    16190.39
1269	    53309.46	     8367.14
1270	    81662.06	     6623.82
1271	     2037.98	     9055.75
1272	    84292.24	     1907.86
1273	        0.00	    36186.72
1274	    41147.12	     4847.93
1275	     4826.75	    30478.52
1276	   123557.10	     4106.72
1277	    57188.57	     8341.17
1278	    32532.36	     7068.61
1279	     3100.19	    14282.27
1280	     3014.04	    14945.37
1281	    47592.68	     6336.34
1282	    32855.27	    10580.33
1283	     3002.36	    21214.87
1284	    18292.70	    11870.38
1285	    40274.26	    12348.53
1286	      330.44	    36817.16
1287	      839.26	    16871.46
1288	   113242.70	     3035.65
1289	     2986.06	    19542.78
1290	        0.00	    46498.36
1291	    32808.88	     9349.25
1292	   139840.22	      120.02
1293	      704.27	    22901.93
1294	    15925.34	     8088.47
1295	   100032.45	     2395.87
1296	    13478.46	    15870.79
1297	     4356.06	    10953.07
1298	    17900.94	    14645.97
1299	    72751.54	     7290.82
1300	    29601.87	     1427.43
1301	        0.00	    42778.89
1302	    27222.13	    16565.48
1303	    32022.31	     2946.28
1304	    46057.18	     6998.47
1305	    44837.48	    10736.32
1306	     3772.65	    19206.23
1307	    15292.84	     5239.21
1308	    56274.96	     5678.97
1309	    15917.74	    14144.07
1310	     5940.70	    10284.70
1311	    42546.02	    12379.02
1312	    58061.21	     6285.18
1313	    52900.75	     8054.60
1314	    24200.88	    13309.43
1315	    21098.08	    15313.37
1316	     1713.35	    32659.45
1317	        0.00	    33328.43
1318	    14457.71	    18502.06
1319	    68846.98	      427.55
1320	    65767.49	     4820.60
1321	    18541.50	    12797.58
1322	    41986.44	     7700.81
1323	        0.00	    37795.14
1324	      749.79	    17468.98
1325	      327.40	    32530.69
1326	    12748.70	    19910.86
1327	     5968.50	    20816.74
1328	    14000.16	    14544.01
1329	    54952.48	     8462.49
1330	    35456.82	    11395.29
1331	    96336.10	     4879.07
1332	    23036.18	     3497.56
1333	    81421.79	     7066.21
1334	    39600.69	     5914.04
1335	     7145.36	    21212.70
1336	     6766.93	     8963.79
1337	    42027.64	     5563.36
1338	    49184.52	     1659.80
1339	     4879.90	    17289.10
1340	    61683.25	     5530.02
1341	   119344.63	     4639.70
1342	    87426.85	     5366.86
1343	     8261.39	     5821.98
1344	    31730.18	     2656.90
1345	     7566.13	     3333.27
1346	    54416.46	     8267.73
1347	      984.79	    32855.98
1348	    37883.87	     5732.85
1349	      793.65	    10423.38
1350	    30693.44	    12360.31
1351	     5952.66	    28414.87
1352	    12639.15	    13739.23
1353	    87661.55	     2755.33
1354	    88804.94	     3575.58
1355	    11776.70	    21578.50
1356	    35404.51	     8472.37
1357	    12364.63	    20650.83
1358	    16381.22	    14542.44
1359	    50029.39	     3936.57
1360	        0.00	    30955.47
1361	        0.17	    31323.10
1362	    21105.19	    12391.63
1363	    10029.55	    18542.83
1364	     9510.42	     7496.89
1365	   146283.50	      791.50
1366	    38754.25	     9177.62
1367	        0.00	    40168.61
1368	     7751.54	     4760.37
1369	    60979.90	     2172.35
1370	    57399.42	     3122.76
1371	    31447.64	    12719.33
1372	    39689.39	     9346.73
1373	    44436.72	    11746.76
1374	     1935.37	    21859.61
1375	     1589.00	    12721.24
1376	    46086.68	     5326.67
1377	     4603.36	    11029.49
1378	    57194.73	     6656.01
1379	    47344.98	     5907.63
1380	    29585.67	     8050.93
1381	    76954.96	     5983.73
1382	    17066.84	      943.94
1383	        0.00	    30504.19
1384	    30591.74	     2963.31
1385	    16750.15	     6264.58
1386	    20981.49	     1706.11
1387	    32598.90	    11073.82
1388	    47204.81	     9607.14
1389	    18732.94	    14372.64
1390	    54078.52	     6179.19
1391	    65102.98	     4605.92
1392	       15.67	    23527.08
1393	    10292.95	     9315.69
1394	    82569.98	     6017.18
1395	      240.95	     9662.67
1396	    35408.12	    11476.22
1397	    76627.33	     6910.60
1398	     1830.79	    46195.30
1399	   192979.04	      264.82
1400	        0.00	    37889.00
1401	    42210.84	     4815.78
1402	    71290.04	     7020.63
1403	    29351.85	     7226.08
1404	   178108.81	       34.53
1405	    61966.16	     5177.74
1406	       32.73	    12869.62
1407	    23563.63	    12580.20
1408	     1999.81	    15103.00
1409	    64477.21	     8126.24
1410	     1383.36	    26099.64
1411	    80361.88	     1950.76
1412	        0.00	    51147.77
1413	    58016.09	     7565.57
1414	    49434.95	     6471.17
1415	    58149.46	     8593.52
1416	    13014.76	    15285.37
1417	     5588.70	     9391.60
1418	      229.20	    31277.23
1419	      353.74	    30133.32
1420	     9346.66	     8340.19
1421	    25073.03	     7752.04
1422	     9702.38	    20928.82
1423	       18.02	    41956.35
1424	        0.00	    24119.57
1425	    30951.83	     9117.62
1426	    49836.37	      702.00
1427	    20731.43	     6129.75
1428	    49645.79	     4032.06
1429	       50.55	    21564.37
1430	       14.40	    19458.78
1431	   148378.92	      724.96
1432	       21.52	    33399.13
1433	    18593.85	    15825.24
1434	      118.23	    25894.69
1435	    43018.39	    10250.36
1436	    86507.16	      608.63
1437	    48848.28	     5422.34
1438	    30459.88	      685.76
1439	    45043.82	     5497.52
1440	    37066.77	    11506.01
1441	    32818.63	     8211.88
1442	     4810.31	     7284.92
1443	       40.40	    30310.46
1444	     2498.31	    26440.34
1445	    30602.28	     2401.01
1446	    46790.15	     6427.51
1447	     2762.26	    24122.19
1448	    54535.10	     6088.30
1449	   105052.01	     2792.87
1450	    26789.87	     6955.72
1451	    76972.69	     3892.09
1452	      509.98	    28768.25
1453	    56671.11	     5660.15
1454	      751.29	    18658.46
1455	     3565.86	    24583.94
1456	     8488.07	    21672.65
1457	    17066.41	    11465.45
1458	    82296.43	     1126.65
1459	        0.02	    33166.48
1460	    58961.25	     6013.40
1461	    12687.44	     6832.95
1462	    56150.92	     5427.10
1463	    33254.84	     8279.25
1464	      875.60	    29404.84
1465	    33682.44	     9314.25
1466	    24328.80	    14185.32
1467	   177970.71	     3342.85
1468	   161623.10	     1912.51
1469	    42015.71	    11482.85
1470	    41454.28	     7423.57
1471	     3546.34	    25243.38
1472	    12564.52	    14945.81
1473	    62407.68	     2462.54
1474	    26364.46	     4881.35
1475	    31265.44	     6915.83
1476	     9080.41	    17242.50
1477	      207.11	    12255.42
1478	    19929.28	    13815.33
1479	        0.46	    21436.59
1480	     5659.32	    12779.16
1481	     4222.62	    24323.33
1482	     4961.75	     3243.29
1483	        0.00	    36954.97
1484	    48372.51	     4575.25
1485	   150382.44	      348.78
1486	    91556.78	     6542.99
1487	    16700.85	     7695.00
1488	     7843.37	     8154.91
1489	   126657.66	     4301.94
1490	     2403.56	     9668.28
1491	    16428.76	    23512.20
1492	    47852.76	     9814.01
1493	    20271.00	     1463.96
1494	    40257.28	     6958.12
1495	    25515.18	    12285.18
1496	    80727.78	     6616.47
1497	    60884.08	     6762.06
1498	    11468.08	     4515.19
1499	        0.00	    30081.38
1500	    29723.88	    12016.28
1501	    40937.16	     6779.42
1502	     4579.61	     5814.14
1503	    33362.53	     7654.42
1504	    81299.20	     4867.06
1505	     2822.61	    10626.16
1506	    59288.41	     6326.97
1507	    11794.51	     3543.41
1508	   135454.65	      350.69
1509	    50466.83	     2450.59
1510	    23007.55	    17184.53
1511	        4.84	    41901.95
1512	    39880.39	     9541.23
1513	    13158.36	    19266.45
1514	        5.73	    39854.75
1515	    44756.47	     3600.53
1516	    26510.56	     4214.90
1517	    69039.20	     4228.47
1518	    75360.59	     3072.41
1519	    33131.53	    12545.62
1520	        0.00	    36754.41
1521	    85714.79	     5687.30
1522	   207391.63	     1134.03
1523	    43127.48	      921.95
1524	     6780.31	    20000.47
1525	    55176.82	     5181.91
1526	    53976.10	     8114.68
1527	    73689.34	     5345.84
1528	    52802.74	     2976.43
1529	    80456.78	     1333.28
1530	        0.01	    27491.57
1531	    40684.54	      728.00
1532	     9788.72	     4913.54
1533	    21962.94	    16867.36
1534	    37677.65	     9979.97
1535	    96437.06	     4390.01
1536	    67863.29	     7587.37
1537	        0.00	    37637.56
1538	   119618.70	     4675.24
1539	    25126.61	    11236.70
1540	      346.30	    31192.56
1541	     9832.42	     3859.31
1542	    26927.10	     4534.79
1543	    12717.05	    14428.97
1544	        0.00	    43787.99
1545	    41237.08	     4773.99
1546	    33367.08	    11568.23
1547	     1719.06	    35917.91
1548	    97528.43	     3795.56
1549	    32966.28	     9580.87
1550	        0.00	    47592.45
1551	    53114.20	     6903.22
1552	     8240.94	    18692.33
1553	    35256.80	     9434.24
1554	    32067.66	    11428.66
1555	    55520.34	     3353.43
1556	    10336.67	    10530.12
1557	    14952.37	    14132.89
1558	     7628.35	    18671.34
1559	    87258.13	     6852.73
1560	    95195.26	      390.53
1561	    52086.93	     5582.84
1562	     6156.29	    22078.54
1563	     4824.92	     8800.69
1564	    18274.00	     3286.97
1565	    70993.70	      648.76
1566	        0.00	    49332.73
1567	    36996.46	     9462.42
1568	    83828.69	     2248.04
1569	    26091.57	    11323.54
1570	    46324.69	     3835.87
1571	     6171.65	    27716.80
1572	     2887.29	    12574.66
1573	    19652.25	    13267.26
1574	    37247.92	     7968.09
1575	    10869.19	    10865.26
1576	    52639.47	     7571.75
1577	        0.00	    36286.36
1578	    57374.80	     6235.42
1579	    29876.48	     2995.92
1580	     8250.05	    18866.46
1581	       79.51	    34140.78
1582	        0.00	    47738.00
1583	        0.38	    26017.05
1584	    25038.90	    11322.73
1585	    32723.84	     6295.77
1586	        0.00	    37486.37
1587	    22102.78	    11819.04
1588	        0.00	    34074.17
1589	        0.00	    37264.66
1590	    48006.78	    12350.27
1591	    67781.56	     3979.25
1592	     8013.53	     6913.08
1593	      270.14	    32587.88
1594	        0.00	    41813.25
1595	       81.49	    17117.23
1596	     5194.75	     6720.62
1597	   102155.82	     3986.82
1598	     1912.32	    23575.96
1599	    70735.53	     4330.41
1600	        0.00	    41942.81
1601	      500.43	    26911.53
1602	        0.00	    39313.09
1603	     8794.49	     8348.58
1604	    40651.79	     6319.74
1605	    49906.61	     6714.41
1606	    52258.65	     2703.26
1607	    36591.15	     9421.19
1608	    54622.19	     8257.92
1609	        7.37	    44303.28
1610	     2753.79	    23916.94
1611	    42278.46	     3180.44
1612	    57216.50	    10483.02
1613	    18340.68	    12821.63
1614	    15111.31	    19233.05
1615	    65948.10	    10701.42
1616	    60834.48	     8078.38
1617	    17212.71	    16681.03
1618	     8350.11	    21656.86
1619	     4048.18	    28604.75
1620	     3617.93	    11815.66
1621	     1975.64	    37991.98
1622	     4728.58	     9745.53
1623	     6300.47	    12754.34
1624	   117295.47	      369.08
1625	    10756.19	     8496.71
1626	     3232.31	    12201.78
1627	    11003.69	    18573.58
1628	    52920.59	     8149.28
1629	    43786.53	     7736.21
1630	        0.01	    27559.05
1631	    30752.11	    11488.62
1632	    59153.27	     8607.19
1633	    31679.17	    10384.28
1634	    33496.85	     9739.08
1635	    57563.20	     6019.84
1636	        0.00	    40214.96
1637	        0.01	    22936.31
1638	   101533.09	     5434.77
1639	    18706.81	     5093.27
1640	    56674.16	     7511.20
1641	    45477.66	     1779.78
1642	    41198.01	     6694.25
1643	        4.38	    24652.15
1644	    16994.16	     6802.52
1645	     8914.70	    17247.14
1646	      200.09	    24068.59
1647	    27882.00	     7985.91
1648	    26875.04	    13280.76
1649	      700.36	    39291.61
1650	        0.00	     9909.42
1651	     8548.85	    16036.85
1652	    37629.89	     9888.16
1653	    23056.39	    15372.89
1654	    95784.68	     5744.28
1655	    43934.83	     3647.90
1656	   114050.33	      273.25
1657	    13158.15	    18460.64
1658	    20875.53	    11375.53
1659	    14809.35	    15254.31
1660	      399.88	    10737.01
1661	    11792.11	    12693.95
1662	    59228.29	     2726.26
1663	      769.55	    20742.16
1664	    85006.46	     5594.34
1665	    12576.98	    18839.00
1666	     9056.59	    19437.71
1667	    13322.77	     3613.40
1668	    43774.78	     9866.27
1669	    59484.46	     5492.72
1670	    34949.64	     9859.47
1671	    46746.94	     5441.62
1672	        0.00	    23833.91
1673	     3093.49	     9714.95
1674	    35339.72	     2785.78
1675	     1077.45	    31815.84
1676	    38412.74	    12345.98
1677	    48168.32	     7139.41
1678	    44715.59	    10171.09
1679	    66156.42	     5482.26
1680	    47201.41	     7077.56
1681	    53068.94	     7402.80
1682	    47055.83	     9475.77
1683	    32167.85	     8844.53
1684	    16952.68	    18353.43
1685	     8269.28	    22569.35
1686	    90325.79	     5487.16
1687	      487.50	    30440.84
1688	     2151.80	    31441.84
1689	   141023.29	      118.95
1690	       43.27	    12017.82
1691	     1361.04	    16672.70
1692	    74899.50	     6646.24
1693	    46985.51	     6377.93
1694	    49561.46	     8230.98
1695	     7718.58	    20911.29
1696	    16211.15	    15148.03
1697	    35449.90	     8141.66
1698	    32652.30	     6836.92
1699	    58230.18	     5795.46
1700	        0.09	    27707.06
1701	    25848.22	    13469.38
1702	        0.00	    46398.35
1703	    13190.11	    10288.96
1704	    21838.23	    12501.19
1705	        0.00	    43191.92
1706	    22222.24	    20457.78
1707	    11904.54	    18044.17
1708	    15763.47	     8231.38
1709	    11596.56	    23154.44
1710	     2194.93	    14720.53
1711	    61681.88	     2010.19
1712	    49666.32	     6776.24
1713	      394.61	    20290.33
1714	       51.23	    17758.88
1715	    10246.63	    17589.74
1716	   147562.64	     2905.49
1717	        0.00	    41098.97
1718	    82071.09	     6462.43
1719	    13291.43	    17657.85
1720	    53888.12	     4854.20
1721	     1101.11	    13676.18
1722	     8570.13	     3113.12
1723	    27882.54	    14238.49
1724	    10143.59	    13556.81
1725	    30291.84	     8435.85
1726	   202553.91	      233.15
1727	    40605.47	     7157.69
1728	    52905.20	     1842.54
1729	    16526.90	     1416.69
1730	    14401.13	    19270.69
1731	    34862.28	     9357.53
1732	    16145.56	     8336.23
1733	       15.97	    35755.09
1734	    23503.11	    13600.90
1735	    10371.61	     9411.16
1736	    66033.83	     7809.47
1737	    45022.57	     6617.85
1738	    36860.38	    11983.10
1739	    30089.90	    10446.55
1740	     4890.73	    23503.88
1741	    12705.86	    10308.28
1742	    80248.29	     3429.90
1743	    42289.39	     3437.06
1744	    25077.15	     4562.27
1745	        1.15	    28208.32
1746	    37737.73	    11801.61
1747	        0.00	    37753.78
1748	        0.00	    41101.03
1749	     6978.26	    23762.73
1750	    26139.20	    11639.77
1751	    26248.05	     7912.43
1752	    10188.72	    17387.49
1753	     5376.76	    23173.28
1754	        0.00	    28915.62
1755	        3.17	    27521.20
1756	    43149.99	     2092.09
1757	    11643.91	    19133.88
1758	       93.80	    21604.14
1759	    71054.05	     4182.38
1760	    32818.43	     9989.52
1761	        0.00	    26465.45
1762	    53871.62	     6318.22
1763	      345.31	    18205.01
1764	    13582.13	    18024.04
1765	    34340.36	     9468.60
1766	    44011.72	     7931.27
1767	      138.03	    30001.91
1768	    12168.59	    19146.11
1769	       90.38	    33200.87
1770	     7329.42	     4039.50
1771	    33836.77	     8182.71
1772	    15432.83	    20914.29
1773	     5004.12	    10304.47
1774	     5950.55	    20129.74
1775	    80543.51	     8414.71
1776	    41844.28	     5439.48
1777	        0.00	    44064.33
1778	     6240.80	     8265.53
1779	       49.36	    18198.60
1780	     4606.37	    15391.76
1781	    23507.31	    12239.95
1782	    49522.01	     7510.23
1783	    72346.76	      378.80
1784	    16191.48	    14855.16
1785	    62371.31	     4739.83
1786	      952.76	    30808.04
1787	    53842.64	    10055.85
1788	     9986.66	    11302.39
1789	   168647.63	      124.30
1790	     4927.67	     5200.00
1791	     8404.13	    19122.08
1792	    38215.18	     8847.71
1793	    28077.03	     7793.56
1794	    83242.87	     6847.36
1795	        0.00	    42458.07
1796	    90357.66	     2738.67
1797	    17288.10	    14991.91
1798	    42873.51	     6696.74
1799	     4438.25	     5643.95
1800	     6789.50	     9060.58
1801	    52220.30	     6256.28
1802	   111854.08	     2597.03
1803	    17052.29	      428.43
1804	    90667.39	     2971.65
1805	     2682.90	    22567.51
1806	    69574.90	       24.33
1807	     2334.09	    26241.06
1808	    23264.04	     2877.53
1809	    59866.67	     8046.08
1810	        0.00	    23212.20
1811	    25166.70	     6086.62
1812	    13863.92	    15008.38
1813	     8568.03	    22539.24
1814	     9472.08	    22400.67
1815	    13885.56	    17465.78
1816	     5782.43	     9336.59
1817	      525.32	    15037.91
1818	    79397.05	     6607.13
1819	     8355.03	     7449.71
1820	    64453.99	     6743.66
1821	   100638.44	     5792.42
1822	      184.81	    12923.56
1823	    37869.93	    13064.43
1824	     2078.05	    36066.22
1825	        0.00	    34514.20
1826	     3762.45	    12488.14
1827	      167.82	    16739.51
1828	    84308.11	     2488.21
1829	    28759.14	     7767.39
1830	    28891.54	      649.44
1831	    17425.57	    18456.91
1832	      631.43	     8779.22
1833	    35243.48	     6149.74
1834	        0.00	    24882.16
1835	    63625.73	     4714.40
1836	    35982.08	    11910.87
1837	    48548.09	     5219.23
1838	     3190.63	    34172.05
1839	    36937.68	     8101.61
1840	   108945.48	     1045.57
1841	    46271.67	     6254.98
1842	      614.58	    19510.39
1843	    34597.55	     9813.76
1844	      355.82	    33315.92
1845	    35807.60	     7108.91
1846	    41986.66	     5705.00
1847	    31439.14	     6936.86
1848	    20095.98	    11833.30
1849	   102096.84	      846.95
1850	        0.00	    34376.08
1851	    42049.51	    10633.77
1852	    30092.15	    12771.74
1853	        0.00	    29645.98
1854	    47659.10	     6622.85
1855	      628.25	    11878.18
1856	        0.00	    43820.33
1857	    42007.51	     1956.85
1858	    14080.61	    15929.83
1859	    33977.43	     5892.32
1860	      519.86	    12699.62
1861	    50039.25	     8154.46
1862	    28738.07	     4741.27
1863	     6587.18	    17958.98
1864	    10006.50	    16496.90
1865	     1971.01	    26567.45
1866	    43333.36	     9196.86
1867	    32788.26	    13218.43
1868	    38952.94	     7684.70
1869	        0.00	    19178.31
1870	        0.23	    34840.54
1871	        0.95	    29638.10
1872	    41381.27	     7322.63
1873	    46383.56	     8437.71
1874	     3762.61	    10944.72
1875	   104981.43	     5852.33
1876	    77059.03	      832.24
1877	        0.00	    44944.29
1878	    11122.94	    13081.68
1879	     1258.68	     7985.89
1880	      460.47	    36770.21
1881	      663.40	    26507.04
1882	    82539.27	     6048.70
1883	    61921.94	     5187.26
1884	    41545.47	     6325.20
1885	    19563.87	    18695.89
1886	    51617.61	     6629.09
1887	    13262.24	     6722.90
1888	    58732.40	     5608.64
1889	     2878.23	    25497.63
1890	    35523.93	     7136.74
1891	        0.00	    37903.75
1892	    11662.21	    17561.44
1893	     7166.08	    12690.40
1894	    51066.30	     2717.03
1895	    58521.55	     6185.01
1896	    24447.87	    11519.95
1897	    52477.31	     1331.07
1898	    28317.00	     6658.42
1899	    54606.50	     6189.40
1900	    11566.78	    20873.69
1901	    65834.93	     4745.00
1902	     1576.23	    41731.24
1903	    65023.08	     7861.05
1904	    10771.28	     2041.85
1905	    61034.64	     5839.52
1906	    75684.54	     6742.72
1907	   125106.75	      276.48
1908	       90.63	    27493.08
1909	     5791.59	    14071.47
1910	        0.00	    37011.27
1911	      143.86	    34900.44
1912	    13358.20	     7833.58
1913	    52765.04	     5653.78
1914	    33708.29	     9332.01
1915	     5273.97	    21862.91
1916	     5583.39	    20897.89
1917	     6719.62	    22732.11
1918	        0.00	    36358.79
1919	   102444.95	     4323.24
1920	    69197.51	     3801.02
1921	    28825.59	     6519.75
1922	    21440.31	    13432.36
1923	    29825.77	     1941.74
1924	    48401.39	     7631.78
1925	    36230.90	     5418.28
1926	    12203.70	     4876.62
1927	        0.00	    28066.80
1928	    45573.79	     6561.62
1929	        0.64	    29179.54
1930	    46932.24	     5689.99
1931	    53022.72	     7025.27
1932	    31161.63	     6193.26
1933	    15436.88	     9677.71
1934	    39755.17	     6591.63
1935	    32516.04	     6400.47
1936	     1132.65	    33357.05
1937	      529.88	    10178.91
1938	      959.82	    35744.53
1939	        0.00	    33385.81
1940	    52132.00	     9056.97
1941	    58516.35	     5374.75
1942	    48519.50	    12710.42
1943	       15.06	    40458.15
1944	   152566.19	     3590.81
1945	    15228.31	    13673.65
1946	    37036.93	     4579.58
1947	      102.83	    42437.23
1948	    62154.01	     4685.41
1949	    59331.20	     8522.53
1950	        0.00	    32017.65
1951	    18387.20	     9788.52
1952	       38.24	    32819.66
1953	      855.06	    29759.91
1954	    99093.60	     6066.53
1955	    53105.01	     3277.23
1956	     5843.19	    22519.07
1957	    17307.77	    17674.47
1958	    44041.93	     6891.75
1959	     4757.51	     7550.83
1960	    21877.36	    13889.74
1961	    17310.83	     6153.01
1962	    27268.32	    12136.73
1963	     1749.48	    17702.22
1964	    84758.56	     9571.50
1965	    76979.39	     2430.51
1966	    26554.49	     9517.73
1967	     3375.32	    24143.16
1968	       77.47	    24083.88
1969	        0.00	    37226.22
1970	        0.00	    35911.89
1971	    59199.98	     7656.81
1972	   108826.98	     3496.27
1973	     3415.10	    26627.44
1974	    36763.11	     3022.14
1975	      430.94	    12741.45
1976	    50100.31	     6144.24
1977	    49061.45	    11542.91
1978	    13995.53	    20872.86
1979	    70375.18	     6271.14
1980	       38.35	    22556.78
1981	    32839.07	     8506.27
1982	    74951.48	     1996.18
1983	    18756.92	    18197.42
1984	     4840.91	    13354.57
1985	       33.98	    37341.97
1986	    35536.60	    12213.23
1987	        0.00	    41585.28
1988	    21844.04	    12077.42
1989	        8.69	    31729.97
1990	    34280.89	    10986.09
1991	    50659.35	     5240.09
1992	       46.20	    15370.79
1993	      522.85	    19966.73
1994	     6885.61	    11513.66
1995	    66687.60	     9122.22
1996	     5415.11	     6112.65
1997	     6265.37	    17870.94
1998	    40014.48	     6590.47
1999	    24041.25	     5378.53
2000	    31197.17	    11944.13
2001	        0.00	    44125.33
2002	    33480.53	    10346.47
2003	    21044.28	     6629.68
2004	   324673.80	       24.93
2005	        0.00	    35815.66
2006	     3304.54	     9689.18
2007	   107818.55	     2424.14
2008	      350.87	    29213.60
2009	     5629.42	    28401.47
2010	    32610.77	    12445.66
2011	     1089.86	    26668.23
2012	     1879.07	    24145.49
2013	      109.22	    35293.84
2014	   141969.33	        4.27
2015	   148597.61	     2853.33
2016	    12312.73	    11214.06
2017	    53563.50	     5164.08
2018	        0.00	    23961.10
2019	     2252.23	    10827.76
2020	    61613.68	     5246.49
2021	    89883.35	     3414.52
2022	     4743.60	    10591.13
2023	    63235.03	     9292.43
2024	    87281.13	     5283.04
2025	    79945.27	     5852.55
2026	    63465.38	     7961.80
2027	    19570.04	    15461.23
2028	        0.00	    23565.61
2029	     3721.55	    19782.80
2030	    32897.00	     9626.28
2031	      587.75	     7298.82
2032	     4645.52	    19190.88
2033	    84010.34	     5775.41
2034	    54141.97	     6705.71
2035	     8793.21	    20897.47
2036	        0.00	    35133.13
2037	    22625.17	    13405.03
2038	    40384.18	     6369.00
2039	    45832.39	     1696.81
2040	    30067.46	     2463.27
2041	    46073.01	     8635.73
2042	        0.00	    31262.46
2043	    26595.41	     6589.35
2044	    91125.79	      652.95
2045	    41800.27	     8365.52
2046	     1315.53	     5747.04
2047	    58797.48	     9407.11
2048	        0.00	    49719.67
2049	     7450.14	    19231.48
2050	        8.21	    10890.56
2051	    31528.59	    11300.43
2052	    52054.26	     2012.61
2053	    10507.35	    19656.99
2054	    10924.30	    18568.82
2055	    12113.50	     3091.68
2056	    84818.76	     4164.55
2057	    18036.50	    11949.66
2058	     8104.47	    18568.50
2059	     3326.92	    15234.38
2060	     4840.29	     5497.59
2061	    56645.58	     1594.80
2062	      186.11	    42709.92
2063	    10530.68	    21391.71
2064	    16394.61	    17106.40
2065	        0.00	    36497.71
2066	        0.00	    28119.14
2067	     2261.10	    12127.10
2068	    49358.41	     1996.34
2069	    29175.28	    11784.22
2070	     6470.94	    20830.55
2071	    47972.17	     5849.02
2072	    13305.14	     8176.29
2073	   193533.23	     1541.86
2074	        1.61	    29755.11
2075	    11078.55	    15020.20
2076	    74529.57	     5647.80
2077	    71985.14	     6838.21
2078	    54193.73	    10378.89
2079	     8124.83	     9111.70
2080	        0.00	    33994.35
2081	    54413.08	     4182.67
2082	   118940.70	     3401.17
2083	     9893.68	     4673.83
2084	    29676.64	      549.91
2085	    52992.40	     5985.91
2086	    71677.72	     7661.91
2087	    16243.17	     8617.48
2088	        0.89	    41961.88
2089	        2.45	    23130.73
2090	    69489.96	     4274.51
2091	    11424.76	     4776.77
2092	     2929.51	    28336.27
2093	    16775.78	     7271.02
2094	    44695.57	     2644.94
2095	    40720.07	     6518.48
2096	     7441.91	    20857.74
2097	    11316.27	    18115.22
2098	        0.00	    40611.32
2099	    35699.78	     9152.44
2100	    69334.71	     8955.71
2101	        4.52	    44241.55
2102	    11526.69	    18509.64
2103	    64093.06	     5537.34
2104	    63674.25	     5549.21
2105	        0.00	    34425.44
2106	    57426.28	     2980.07
2107	    43502.75	     4788.56
2108	     2220.85	     6722.57
2109	    56700.23	     5749.20
2110	      905.65	    41689.14
2111	    61263.85	     5517.33
2112	    48768.37	     7253.41
2113	        0.00	    40375.25
2114	   102020.61	     3465.45
2115	    31627.83	     1072.43
2116	    24615.45	    12109.03
2117	    60030.47	     4295.42
2118	    84036.75	     6730.11
2119	    39056.52	    11417.82
2120	    97513.47	     3570.38
2121	    19328.40	     7895.69
2122	    14189.79	    13394.72
2123	     2615.72	    18223.72
2124	        0.00	    24689.46
2125	    79450.23	     2894.51
2126	    28871.23	     5897.33
2127	    54685.39	     4957.21
2128	    51604.28	    12744.20
2129	    40005.08	    10992.54
2130	    10978.75	    11439.02
2131	      960.82	    45479.92
2132	    30867.72	     5496.82
2133	    10413.84	    22539.57
2134	    45567.79	     4071.62
2135	     5292.16	    11295.49
2136	        0.00	    40031.93
2137	    30538.88	     3265.90
2138	     3265.91	    21193.63
2139	    39073.78	    11488.60
2140	    38763.70	     6788.42
2141	    26952.07	    15694.74
2142	        0.00	    28457.72
2143	     3556.78	    32808.40
2144	      465.32	    17229.91
2145	    34378.96	    13766.42
2146	    65968.88	     9175.57
2147	    47580.52	     4009.04
2148	    31550.16	    13993.33
2149	    89113.18	     4413.90
2150	     2202.56	    22574.02
2151	        0.00	    41031.61
2152	    52311.72	    10113.09
2153	     7994.90	     6370.78
2154	     1731.66	     6460.72
2155	    39720.43	     5736.42
2156	    93131.57	     3557.78
2157	    58114.01	     3727.82
2158	    15435.50	     7750.87
2159	       13.01	    30878.06
2160	     1212.29	    28442.07
2161	    92454.87	        6.14
2162	    60142.56	     7022.86
2163	    29919.30	    11455.52
2164	     5977.98	     7715.72
2165	    16720.75	    19859.82
2166	    18481.62	     1130.35
2167	    28447.20	     5184.90
2168	    45213.53	     6149.35
2169	        2.77	    41684.78
2170	    35091.36	     5591.08
2171	    49459.22	     5580.46
2172	    22929.06	     9480.79
2173	    26639.47	     8044.53
2174	    21871.74	    10795.93
2175	    49666.90	    11130.74
2176	    22382.08	    18788.96
2177	    36298.89	     2814.56
2178	     4470.88	    22537.65
2179	    53760.42	    10219.90
2180	      273.82	    39920.20
2181	    37485.10	      480.56
2182	     4590.48	    22288.96
2183	    49075.11	     7707.98
2184	    61781.41	     3533.45
2185	        0.00	    35168.53
2186	    53931.68	     4011.20
2187	      990.74	     7506.65
2188	       43.51	    17926.25
2189	    27123.87	     1550.38
2190	   110735.01	     1145.19
2191	   116208.84	     2671.68
2192	     8588.52	    18773.60
2193	    68988.26	     6679.05
2194	    19415.65	    14422.17
2195	    10341.96	     3105.02
2196	        0.32	    20048.38
2197	    17024.99	    12720.60
2198	     2140.51	    29034.79
2199	    84073.52	     4600.67
2200	    65192.26	     2402.25
2201	     3314.53	    24856.19
2202	    66965.74	     5215.25
2203	   164744.01	     1240.90
2204	     5344.32	    19913.73
2205	    12544.96	    14282.28
2206	    21892.52	    11208.40
2207	      808.54	    25954.81
2208	     4688.79	    16783.83
2209	        0.00	    36629.30
2210	     4877.85	    10666.47
2211	     6100.04	    19558.55
2212	    10530.67	    14423.75
2213	    16112.02	    15286.56
2214	    93964.67	     2487.76
2215	      266.36	    42469.13
2216	    22084.59	     4044.73
2217	     9249.40	     2537.47
2218	     7445.64	     4641.42
2219	     4515.95	    11216.72
2220	      455.84	     8747.76
2221	     2792.53	    21651.51
2222	     1819.69	    15187.43
2223	     1825.96	     8173.57
2224	    66505.78	     5792.64
2225	     6807.69	    20717.57
2226	    87258.42	     3051.36
2227	    54960.03	     4704.34
2228	    43290.31	     7673.26
2229	    35301.04	    14790.33
2230	    50407.43	     4305.79
2231	    71484.91	     4762.22
2232	     5549.31	    10945.70
2233	    31562.26	    13324.10
2234	    49685.45	     2786.78
2235	    50402.48	      725.99
2236	    92318.33	     5015.92
2237	        1.31	    28015.90
2238	     1240.40	    10853.68
2239	    92199.31	     5807.14
2240	      197.46	    40853.97
2241	      390.94	    47573.97
2242	    67524.60	     7771.53
2243	   146933.95	     2954.57
2244	    33105.55	     3865.49
2245	   108791.50	     2972.53
2246	    25304.30	    15113.63
2247	    16139.37	    14844.35
2248	     2874.83	    24430.78
2249	   182622.55	     1546.98
2250	     4425.95	    10685.13
2251	    33843.26	     1220.05
2252	    13465.54	    18573.33
2253	    87127.17	     5766.46
2254	    46326.85	     8915.70
2255	    41272.81	    11655.39
2256	       64.86	    24819.08
2257	    47077.03	     2743.43
2258	    24614.21	     1739.54
2259	    36753.73	    11533.14
2260	    43874.05	     6048.22
2261	    25673.25	    11790.37
2262	    83614.85	     3036.27
2263	    11473.52	    20100.79
2264	      105.31	    16151.01
2265	     3711.86	    11605.30
2266	    20419.02	     2194.52
2267	   109179.16	     6390.49
2268	     5202.45	     5358.45
2269	        0.00	    48131.38
2270	    64930.72	     3512.72
2271	      569.29	    14763.92
2272	    94053.59	     5199.59
2273	    54403.83	     1964.99
2274	   104426.66	      540.31
2275	    51938.23	     7438.50
2276	    17653.29	     7719.27
2277	    52993.24	     5143.54
2278	        0.00	    35331.62
2279	      254.72	    30928.59
2280	     5887.77	     8856.56
2281	        0.00	    40967.61
2282	     6876.42	     4360.32
2283	    48054.75	     4748.34
2284	       15.02	    22111.34
2285	    17314.82	    13187.12
2286	     4339.91	    14595.99
2287	    46153.95	     1880.70
2288	     1134.10	    24978.79
2289	    68117.37	     4450.24
2290	     6729.45	     5098.13
2291	    18362.93	     9175.23
2292	        0.00	    39986.30
2293	     2241.12	     8744.08
2294	    42240.34	     3963.33
2295	     8085.11	     6735.54
2296	     9823.52	    11708.19
2297	     1763.19	    31868.21
2298	        0.76	    27567.66
2299	    71411.87	     7160.74
2300	      271.41	    18793.76
2301	       90.95	    12018.94
2302	    70908.91	     5541.07
2303	    52563.44	    10199.77
2304	       99.06	    23992.84
2305	      213.59	    20834.48
2306	    13502.09	    17669.18
2307	    34344.45	     3314.36
2308	      300.40	    15028.84
2309	    27753.39	     3267.95
2310	        0.00	    42826.29
2311	     1427.45	    23703.33
2312	    59140.80	      813.52
2313	    85710.06	     4398.87
2314	    16257.05	    16903.09
2315	      217.50	    20699.54
2316	    50694.06	    11284.40
2317	    12160.77	    23070.30
2318	    23860.15	    11956.09
2319	    17153.38	     6962.79
2320	    53729.99	     2421.29
2321	      409.11	    22792.90
2322	    40241.59	     5956.78
2323	    10006.67	     7676.43
2324	    73984.37	     7515.97
2325	    91470.25	     3261.53
2326	     6739.65	    20167.75
2327	    19633.61	    16088.49
2328	       39.35	    16274.63
2329	    47132.84	     8206.82
2330	        0.00	    41685.81
2331	      253.67	    20208.74
2332	    16156.60	    14071.92
2333	    16632.34	     5616.47
2334	     4012.78	    23293.05
2335	    11749.07	     8051.97
2336	    46897.93	     1201.01
2337	     6798.26	     8186.05
2338	    19630.86	    16130.16
2339	    50274.00	     8279.96
2340	    82361.92	     3885.62
2341	    35137.57	     6829.38
2342	    82427.88	     9825.43
2343	     5149.04	     3809.32
2344	    29758.65	     2307.29
2345	    93836.16	     4660.01
2346	    24457.75	     5250.47
2347	     7981.36	    22206.90
2348	    56996.17	     5557.16
2349	        4.42	    28059.49
2350	    18624.31	     2785.75
2351	    70957.25	     1554.44
2352	        0.00	    27612.31
2353	    56369.88	     2076.69
2354	     7926.28	    11915.00
2355	    35752.55	    13207.58
2356	    38345.34	    10866.46
2357	        0.00	    38986.51
2358	        0.00	    32681.35
2359	        0.00	    39363.09
2360	    12928.68	     5587.52
2361	   102563.72	     2960.42
2362	      249.54	    20739.49
2363	     6612.02	     9512.08
2364	        0.06	    23763.79
2365	     9272.60	    20389.73
2366	    24803.43	     1418.75
2367	     7549.89	     8794.00
2368	     9407.94	    10418.12
2369	    32541.32	     1740.16
2370	    13728.71	     2448.33
2371	        0.00	    37866.30
2372	    57432.29	     2571.80
2373	     7599.13	     9038.13
2374	    73806.60	     5033.53
2375	    36901.16	     8555.26
2376	    33977.08	     3342.66
2377	    43417.15	     7285.75
2378	        0.31	    33376.25
2379	    16042.58	    14369.77
2380	    18253.33	     8941.50
2381	    14256.44	    14302.15
2382	       70.79	    35430.39
2383	     4043.89	    31154.52
2384	    55942.34	     4334.11
2385	    30905.28	     7269.83
2386	       14.24	    28885.31
2387	    59820.47	     8413.28
2388	        0.18	    21396.20
2389	    57531.62	     3031.06
2390	    54488.14	     8854.03
2391	    81655.53	     6012.40
2392	    24915.73	    12344.90
2393	      157.41	    19766.59
2394	    22791.59	    14285.56
2395	    14841.49	    18356.76
2396	    52774.66	     8218.44
2397	    62990.15	     5000.80
2398	     8189.92	    10574.27
2399	    21483.60	    12474.26
2400	    28106.08	     9648.48
2401	        9.53	    18497.09
2402	    18685.14	    15735.29
2403	    60153.93	     4453.51
2404	    92129.91	     6857.56
2405	    77089.63	     8494.85
2406	      715.15	    25932.22
2407	     2640.24	    27244.93
2408	    12299.67	     1931.96
2409	    19414.90	    13044.22
2410	     6558.07	    23080.90
2411	    37249.81	    11286.83
2412	    15333.33	    13312.70
2413	    37745.27	     8527.29
2414	    31999.81	     7108.29
2415	        0.84	    32059.32
2416	    49992.54	     2824.29
2417	        0.00	    43083.82
2418	    36365.82	    11376.72
2419	     2995.60	    25111.17
2420	    57837.02	     8965.67
2421	    37402.29	    12888.52
2422	       25.70	    43328.40
2423	     4808.87	    21158.32
2424	    33972.49	     2395.88
2425	     1188.34	    18374.12
2426	    35606.57	     8959.99
2427	     7737.01	    13221.25
2428	    27776.78	     4046.63
2429	    80179.72	    10923.82
2430	    14831.17	     1152.38
2431	      175.58	    45346.01
2432	        0.00	    39749.04
2433	    36578.72	     4792.68
2434	     2954.62	    28676.81
2435	     7287.91	    14748.08
2436	     8517.15	    19254.15
2437	    22535.06	     9278.93
2438	    58653.38	     7891.34
2439	    35700.96	    11303.09
2440	    12165.85	    19204.37
2441	    28833.36	     7225.27
2442	    27027.53	     8083.36
2443	    22200.82	    13093.79
2444	      125.00	    13639.03
2445	    52339.45	     2503.64
2446	    38651.78	     4574.18
2447	    27430.10	     2395.68
2448	    33021.10	     8639.28
2449	    20622.60	    19712.67
2450	    63092.16	     5761.88
2451	   116534.06	     1023.67
2452	      164.90	    15460.78
2453	   121426.18	       69.84
2454	    62136.74	     9390.98
2455	    11544.47	    13864.24
2456	    36617.32	     7010.51
2457	   137727.21	     1481.62
2458	    30835.01	    12775.68
2459	    55425.27	     7537.39
2460	     5575.80	    23101.57
2461	   121182.26	     2563.80
2462	    38281.19	    10146.71
2463	    51544.76	     5805.64
2464	   130860.91	     4395.33
2465	    20171.87	      767.53
2466	        0.00	    29350.78
2467	      173.71	    29883.84
2468	    53529.02	     5815.30
2469	    42074.18	     2932.31
2470	    60948.35	     4389.32
2471	    31976.40	     4057.94
2472	      110.98	    14839.23
2473	    71289.93	     4936.60
2474	    46545.88	     2467.99
2475	     8297.60	    21436.82
2476	     3453.32	     9485.99
2477	     6480.85	     9031.24
2478	        0.00	    35118.28
2479	    60327.61	    10132.68
2480	      938.79	    39583.35
2481	       18.59	    44420.12
2482	        7.17	    21526.11
2483	    16985.99	    16518.06
2484	    16743.92	    15314.23
2485	    40077.04	     6382.48
2486	    24153.48	    18044.88
2487	        0.00	    37756.84
2488	     1949.84	    25865.12
2489	    68015.36	      930.54
2490	      254.47	    40106.75
2491	    13126.84	    10691.33
2492	     2040.88	    24555.65
2493	        0.00	    51840.45
2494	   172853.52	      414.25
2495	    20408.43	    12585.26
2496	    33500.21	     9368.95
2497	    73909.75	     3520.56
2498	    55785.70	     5367.65
2499	    11459.75	    15944.98
2500	       37.55	    23986.94
2501	        0.00	    42955.43
2502	        0.00	    34066.45
2503	       71.54	    13870.35
2504	       68.02	    29868.71
2505	    61977.52	     3691.42
2506	     2020.25	    28271.42
2507	    45733.13	      818.92
2508	     8675.18	     3496.91
2509	     2401.64	    26063.54
2510	   117951.35	     1061.55
2511	    83388.52	       23.16
2512	    45153.52	     6661.80
2513	    44150.86	     8972.31
2514	    28504.24	     8382.71
2515	    32491.97	    11197.81
2516	       34.66	    22062.01
2517	    31589.90	     7984.08
2518	    77581.45	     1027.51
2519	    84844.18	     6089.54
2520	    20948.41	    11881.88
2521	    16264.83	    16121.28
2522	        0.00	    34245.98
2523	    66793.89	     8228.84
2524	    72862.88	     7090.48
2525	   118993.28	     3704.60
2526	    14862.61	    13664.19
2527	    91524.90	     5142.86
2528	    59863.81	     7250.04
2529	    67970.55	     9993.85
2530	      147.43	    21081.80
2531	        0.00	    41489.54
2532	     5495.50	    19828.12
2533	      110.11	    43288.39
2534	    10542.93	    19614.65
2535	   149736.92	     3148.73
2536	     2346.51	     7661.50
2537	    35138.62	     4405.77
2538	    69983.35	     3942.25
2539	    58328.87	     3739.70
2540	        0.00	    27890.87
2541	     3132.47	    33496.00
2542	    11355.76	    16220.33
2543	        3.70	    24907.77
2544	    10084.03	    13961.98
2545	      283.82	    16764.00
2546	    64747.49	     5179.93
2547	     8005.45	     6540.29
2548	    27269.20	     9802.24
2549	     9897.78	    18581.64
2550	    20092.98	     8096.09
2551	     4108.96	    29672.28
2552	    70267.56	     4595.55
2553	   175617.53	      589.98
2554	   119420.83	     2729.51
2555	     1033.42	    28704.78
2556	      775.00	    17214.08
2557	   103830.23	     5732.76
2558	     1662.87	    28271.48
2559	     5227.30	     3803.82
2560	    15584.27	    16511.40
2561	    15505.41	    17378.58
2562	    50499.56	     8101.73
2563	    22339.70	     5895.38
2564	    30056.80	    10836.29
2565	      206.75	    12505.84
2566	        1.89	    26429.82
2567	        0.00	    33231.37
2568	    47373.20	     8602.69
2569	    86530.11	     6682.11
2570	    23210.67	    14044.24
2571	    31511.35	     8759.83
2572	    63292.92	     8311.05
2573	    19070.32	    12709.75
2574	      481.76	    19911.22
2575	       24.12	    22707.80
2576	        0.00	    42323.75
2577	    16294.67	    19339.29
2578	   116934.99	      100.34
2579	     4334.07	    21049.96
2580	    37063.88	    11330.98
2581	    88671.59	     4149.18
2582	    19389.22	     3656.95
2583	    77943.08	     6466.18
2584	    96715.38	     3231.20
2585	    32718.55	     1321.21
2586	      448.05	    28924.94
2587	   177926.77	     1704.70
2588	    14890.75	    15212.30
2589	       55.32	    36543.41
2590	    40979.78	     4704.91
2591	      208.43	    15966.98
2592	     4163.87	    20214.27
2593	    20280.56	     9269.48
2594	     9723.93	    22929.39
2595	    23568.38	    13081.06
2596	   154193.92	      443.56
2597	    82091.82	      744.36
2598	    21134.76	     6418.50
2599	    58740.39	     7823.10
2600	    53822.41	     6590.37
2601	    10524.54	    17127.84
2602	      798.18	    12048.76
2603	    30582.12	    12060.42
2604	    30034.46	     1102.24
2605	    12751.12	    15617.28
2606	    17104.79	    13314.32
2607	        0.00	    37949.52
2608	    51123.79	     7243.56
2609	     8958.44	    20777.82
2610	   112541.21	     2118.34
2611	        0.00	    36290.61
2612	     8026.91	    20184.04
2613	    79144.83	     4743.82
2614	    40187.44	     6471.32
2615	    15732.02	     9055.68
2616	   168727.69	      461.08
2617	     2305.37	     7838.68
2618	      193.00	    30348.69
2619	    53615.75	     6434.15
2620	    22191.38	    10351.40
2621	        0.00	    44708.30
2622	     1062.33	    26194.05
2623	    18655.32	    16720.82
2624	        0.37	    28223.61
2625	        0.00	    35361.10
2626	    35859.60	     6955.91
2627	    69893.24	     4080.71
2628	     2224.39	    13247.08
2629	    67411.06	     4939.73
2630	        0.00	    48990.93
2631	    42787.27	     5200.19
2632	    30762.84	     1469.02
2633	    69290.89	     7081.47
2634	    82538.87	     3371.06
2635	    13481.98	    16961.75
2636	    10940.26	    19999.70
2637	     3196.74	    11399.23
2638	    42190.60	     7077.52
2639	    55223.96	     2620.42
2640	    26384.93	    13472.69
2641	    85627.70	      352.02
2642	   136418.02	     1140.21
2643	        0.00	    33272.58
2644	    82081.46	     4860.48
2645	     1102.53	    37140.89
2646	     1080.40	    11290.30
2647	    18465.61	    14259.77
2648	    53786.35	     6826.94
2649	    12253.91	    11177.26
2650	        6.98	    24455.62
2651	    57561.40	     1508.11
2652	    24580.97	    12531.15
2653	        1.30	    28940.29
2654	      168.43	    45907.24
2655	        0.02	    27267.66
2656	       47.49	    32111.69
2657	    12613.21	    21761.01
2658	     8033.98	    22551.38
2659	    61620.89	     9700.08
2660	    37036.02	    11745.15
2661	     2498.69	     9162.00
2662	    74430.99	     7253.21
2663	    30556.04	    10004.78
2664	    53822.04	     5995.57
2665	    56248.84	     2854.34
2666	        0.00	    30000.88
2667	   282267.41	        8.33
2668	    20959.46	    13493.66
2669	    49918.65	     2008.11
2670	     5712.61	     7931.97
2671	    49594.52	     6184.62
2672	     7526.31	    12585.39
2673	    21757.85	    14302.32
2674	    10555.52	    18139.43
2675	      232.74	    17647.21
2676	      233.08	    10621.77
2677	    11038.61	    19919.56
2678	    39917.53	     9379.29
2679	     9570.65	    17521.43
2680	    42584.67	    11889.40
2681	    28000.89	    12299.73
2682	    62690.92	     3360.92
2683	      852.60	    15314.60
2684	    17816.54	    14653.91
2685	    24685.53	     7595.46
2686	        0.00	    22607.61
2687	    46316.65	     5207.95
2688	     3731.80	    13761.34
2689	   163994.70	     1038.80
2690	     1002.07	    18769.12
2691	    24019.30	    10866.75
2692	    53989.41	     4676.86
2693	      163.62	    28676.23
2694	    19233.98	    17909.17
2695	    80900.07	     5319.77
2696	        0.00	    42283.31
2697	        0.00	    44528.52
2698	    11686.90	    17390.67
2699	        0.00	    38184.75
2700	    83889.13	     5528.14
2701	       14.01	    25657.09
2702	    56815.70	    10910.27
2703	        0.00	    41427.36
2704	     3257.22	     8524.37
2705	    42100.64	    10997.54
2706	       16.00	    36416.80
2707	     9390.51	    10022.30
2708	    65572.10	     4834.55
2709	     1975.71	    21511.39
2710	    25652.37	     8612.29
2711	    71250.03	     6197.56
2712	       37.32	    13909.61
2713	    10404.20	    20497.84
2714	   115941.36	     5108.59
2715	    70270.78	      118.81
2716	        0.00	    33240.06
2717	    14652.53	    15026.86
2718	    88495.97	     5451.21
2719	    17152.39	     1256.24
2720	     3590.43	     7222.14
2721	    23384.15	    15662.56
2722	    30788.28	    13350.40
2723	        0.00	    30457.12
2724	   120047.90	      323.17
2725	    43844.23	     3903.89
2726	    40897.71	     7544.67
2727	        2.79	    28223.12
2728	     3136.53	    24509.10
2729	    13675.27	    15806.94
2730	   241778.48	     1036.37
2731	    12086.55	    18370.84
2732	    52921.74	     9271.47
2733	     1349.18	    25763.02
2734	    57282.14	     4775.69
2735	        0.08	    25793.19
2736	    64776.61	     1672.01
2737	        0.00	    35598.49
2738	    16560.88	    14927.95
2739	      755.96	    11181.70
2740	    10827.84	     8141.53
2741	        0.00	    56058.48
2742	      314.08	    10535.65
2743	     2803.23	    17007.67
2744	        0.00	    31919.31
2745	    14226.85	    18212.94
2746	       47.69	    34366.35
2747	     2660.07	    12088.32
2748	    26902.64	    12067.64
2749	     6815.33	    22743.06
2750	   175008.13	     1609.32
2751	    13538.97	    15945.61
2752	   100409.25	     4425.44
2753	     2808.01	     7738.89
2754	    48581.03	     9639.93
2755	    38968.76	    10702.50
2756	    96862.34	     2753.52
2757	   137323.67	     2932.91
2758	    96085.06	      393.12
2759	       28.02	    31569.35
2760	     9074.49	    21003.29
2761	    41272.21	    18711.74
2762	    58540.59	     1758.40
2763	   103719.58	     3387.57
2764	    65553.98	     5184.08
2765	    38036.86	    10621.07
2766	    31035.06	     3591.63
2767	    35814.62	     8656.78
2768	    24160.70	    16185.59
2769	    14976.56	    10191.51
2770	    62606.05	     3275.32
2771	        0.02	    20733.31
2772	        0.00	    22678.85
2773	    78721.98	     6763.46
2774	    31946.73	     8369.04
2775	     4897.31	     9336.35
2776	    55586.89	     5484.52
2777	     1905.75	    34244.77
2778	    73109.71	     3395.48
2779	      957.21	    25914.04
2780	   120625.15	     4390.97
2781	        2.89	    49898.20
2782	    59376.90	     7257.41
2783	    14444.60	    16904.69
2784	       16.77	    24838.71
2785	    61065.99	     1340.27
2786	    25079.32	      917.51
2787	    45092.08	     6286.67
2788	     6297.82	    19838.96
2789	        0.00	    41779.03
2790	      231.26	    42321.18
2791	      111.16	    42345.57
2792	    93036.62	     4193.08
2793	    71076.12	     7034.70
2794	        0.00	    33919.27
2795	    60518.86	     4273.00
2796	     4512.24	    13245.09
2797	    76498.46	      580.25
2798	       44.76	    14601.50
2799	    79088.88	     5752.32
2800	        0.00	    36003.57
2801	       93.66	    15373.06
2802	      661.67	    11521.31
2803	     2167.38	    41911.74
2804	    25042.94	    16044.13
2805	    35713.06	     8947.84
2806	    17829.07	    10328.36
2807	        0.00	    32008.86
2808	     1989.95	    33889.02
2809	     3788.03	    12212.67
2810	        0.00	    37558.31
2811	    27047.53	    13335.82
2812	        0.00	    24657.61
2813	      183.44	    37724.67
2814	       47.43	    34354.64
2815	    63378.38	    10633.82
2816	    29982.89	      825.97
2817	     3727.15	     8704.46
2818	    51001.08	     6120.98
2819	    31794.31	    12646.71
2820	    14463.74	    15773.10
2821	    26523.45	    18154.33
2822	    42211.09	     7378.83
2823	    76200.93	     1127.83
2824	    85670.76	       78.12
2825	    34225.01	     8613.34
2826	        0.02	    33712.63
2827	    75492.82	     6273.01
2828	    15222.30	     7047.28
2829	    67354.18	     8372.42
2830	    45824.71	     6487.01
2831	     4389.55	    21115.67
2832	     3115.36	     7715.11
2833	    59586.87	     4285.05
2834	    83626.78	     5620.55
2835	    15350.55	    10189.20
2836	     4120.11	    11126.36
2837	    49452.38	     7810.37
2838	    86159.03	     4117.21
2839	    17768.00	    11337.03
2840	    30075.52	    15495.14
2841	    43546.44	     6112.46
2842	     9655.08	     5200.35
2843	    52346.39	     4370.67
2844	   102359.06	     5035.26
2845	   124280.07	     4950.74
2846	      207.40	    33935.41
2847	    88791.62	     5408.61
2848	     4207.62	    29355.61
2849	        0.00	    46236.77
2850	     2439.94	    23773.86
2851	    69477.49	     7106.46
2852	    80136.69	     7316.16
2853	    18201.95	    17397.40
2854	   134769.11	     2378.46
2855	        0.00	    40347.62
2856	        0.00	    44914.07
2857	     3152.04	    22222.86
2858	    12357.54	    13726.48
2859	    31878.41	     9530.23
2860	     4303.36	     3973.62
2861	     2871.93	    19495.15
2862	     3440.55	     6370.25
2863	     3848.44	    29092.13
2864	     6439.71	     8502.26
2865	    35759.08	    14338.49
2866	    17052.66	    16542.71
2867	    24211.40	    14999.30
2868	    44137.77	    11441.52
2869	        0.00	    45190.38
2870	     2389.45	    25819.97
2871	    61906.05	     6461.35
2872	    34958.95	     7991.33
2873	    35339.40	     5833.44
2874	    49056.10	     8437.18
2875	     9884.14	    15404.69
2876	        0.00	    32501.65
2877	        3.85	    24930.31
2878	   150423.27	       24.89
2879	     4738.98	    22681.79
2880	     4374.81	    16950.78
2881	   101337.10	     4239.31
2882	    50483.96	     2880.53
2883	    23214.76	     9196.35
2884	    67997.80	     1159.01
2885	        0.00	    46966.28
2886	    54556.88	     6843.38
2887	     3859.78	    17762.53
2888	     2570.83	    24069.50
2889	    17539.27	     6070.50
2890	     8629.00	     9229.65
2891	    58475.05	     2893.76
2892	    69094.37	     6668.24
2893	    15257.49	    13901.75
2894	    56002.80	     5397.30
2895	    39681.71	     6433.63
2896	     5347.68	     5507.96
2897	    43899.55	     4649.56
2898	    63719.02	     8138.20
2899	    52432.67	     7251.14
2900	     3735.00	     9372.21
2901	     8354.64	    19746.16
2902	   155241.26	      867.66
2903	      264.68	    15305.08
2904	    58323.72	     4158.93
2905	    58855.08	     9212.65
2906	   201611.85	      207.30
2907	    67750.08	      837.16
2908	    26208.72	    17134.37
2909	      194.61	    38143.22
2910	    19120.88	     8012.48
2911	      799.26	    12336.62
2912	     1967.77	    22906.09
2913	    15643.66	    13225.45
2914	    26099.08	    13989.84
2915	    34425.87	     9981.78
2916	   143010.40	      328.69
2917	   114922.17	     5051.63
2918	       28.21	    22388.35
2919	   100484.40	      310.42
2920	    63475.87	     4250.58
2921	       77.49	    33798.25
2922	    24739.24	    13074.72
2923	    81707.07	       18.81
2924	        0.00	    32371.44
2925	    53856.38	      520.52
2926	    50358.83	     1330.98
2927	     8090.91	     5361.14
2928	    85694.87	     3021.13
2929	    27213.39	    10116.57
2930	    30998.75	     7176.17
2931	     7377.53	    10390.73
2932	    42637.33	    10384.13
2933	      211.60	    42378.40
2934	        0.00	    48353.57
2935	    57952.45	    10110.67
2936	    25139.15	     7494.87
2937	     3475.54	    23753.11
2938	    11949.17	    25778.88
2939	     5680.92	     7082.94
2940	   101606.29	     5876.73
2941	     5632.23	    22768.27
2942	    95878.16	     6092.42
2943	    60595.21	     3286.95
2944	     2385.11	    21988.59
2945	    21703.01	    13215.87
2946	       79.93	    10226.07
2947	    39768.83	      447.47
2948	    91320.43	     5918.24
2949	    12146.49	    20765.46
2950	     7911.37	     5856.67
2951	     6345.14	     8692.50
2952	    84934.66	     4509.92
2953	    33470.55	     2712.52
2954	        0.00	    39547.93
2955	       25.09	    15741.71
2956	    36295.64	    14313.73
2957	       24.16	    31455.58
2958	    38598.40	     5429.72
2959	    20032.61	    13837.23
2960	    40935.87	     5062.95
2961	     7738.37	     5321.60
2962	        0.00	    32256.34
2963	    84844.44	        1.89
2964	    62450.27	     7799.36
2965	    53203.06	      419.72
2966	   105046.72	     5778.97
2967	    30786.20	     6263.42
2968	    25965.56	    14338.96
2969	    11346.68	     8746.76
2970	     9526.87	    17669.48
2971	      139.34	    24606.01
2972	     3254.02	     6898.83
2973	        0.44	    25127.03
2974	     4998.84	    29086.03
2975	     3585.64	     8495.12
2976	    11705.08	    18912.32
2977	    49249.38	    11284.74
2978	        4.26	    24904.73
2979	    22440.19	    11078.48
2980	    89818.74	     4699.39
2981	        0.00	    37196.87
2982	    22590.01	     3181.70
2983	    22041.88	    17547.57
2984	       12.59	    26760.74
2985	    35579.57	    12729.95
2986	     7562.34	    21923.71
2987	    10312.70	     3923.29
2988	   134058.87	     3393.75
2989	    35829.81	     7983.27
2990	    49648.39	     5203.32
2991	    16772.28	    11483.29
2992	    97471.26	     2468.08
2993	     9062.35	    26113.11
2994	   158710.06	      847.24
2995	    29102.10	    13341.66
2996	    14389.11	     2013.50
2997	    40908.63	     5111.58
2998	      152.96	    45330.77
2999	    49906.67	     2729.68
3000	     7575.62	     6317.06
3001	    20313.87	     4001.10
3002	    19907.79	    14286.63
3003	     4445.42	     8969.88
3004	    11756.36	    17878.56
3005	    14227.40	    17422.16
3006	     7056.10	    21953.75
3007	    29734.13	     7974.10
3008	    65130.87	     4376.05
3009	    17095.43	    13467.01
3010	    72107.83	     6335.79
3011	        0.00	    22611.11
3012	    56043.27	     2589.78
3013	    11442.35	    19445.53
3014	      102.11	    15905.37
3015	    94186.89	     5389.96
3016	     2187.23	    12474.23
3017	    57966.98	     5357.96
3018	    51690.84	     3487.61
3019	    41311.63	     8922.38
3020	    25654.86	    13602.65
3021	    49461.82	     5005.75
3022	    25404.45	     4874.42
3023	    46766.33	     9368.74
3024	       27.85	    16563.62
3025	     1889.72	    28975.90
3026	    44426.02	    10616.28
3027	     5186.94	     4635.82
3028	    25475.50	    13439.91
3029	     3516.48	     8298.67
3030	     8724.05	     5883.68
3031	     1261.20	    37794.47
3032	    78897.79	     2033.22
